ping,lat,lon,heading,altitude,speed,depth
0,18.9220010,72.8346010,44.86,9.94,3.0,20.0
1,18.9220020,72.8346021,44.73,9.93,3.0,20.0
2,18.9220030,72.8346031,44.79,10.05,3.0,20.0
3,18.9220039,72.8346041,44.74,10.03,3.0,20.0
4,18.9220049,72.8346052,44.74,10.00,3.0,20.0
5,18.9220059,72.8346062,44.85,9.96,3.0,20.0
6,18.9220069,72.8346072,44.96,10.04,3.0,20.0
7,18.9220079,72.8346083,45.02,9.90,3.0,20.0
8,18.9220089,72.8346093,44.89,9.91,3.0,20.0
9,18.9220098,72.8346103,44.84,10.09,3.0,20.0
10,18.9220108,72.8346114,44.96,10.07,3.0,20.0
11,18.9220118,72.8346124,44.84,10.04,3.0,20.0
12,18.9220128,72.8346134,44.93,10.06,3.0,20.0
13,18.9220138,72.8346145,45.01,9.93,3.0,20.0
14,18.9220147,72.8346155,44.92,10.06,3.0,20.0
15,18.9220157,72.8346166,44.99,10.08,3.0,20.0
16,18.9220167,72.8346176,44.97,10.08,3.0,20.0
17,18.9220177,72.8346186,44.86,10.09,3.0,20.0
18,18.9220187,72.8346197,44.98,9.97,3.0,20.0
19,18.9220197,72.8346207,44.85,10.01,3.0,20.0
20,18.9220206,72.8346217,44.91,9.97,3.0,20.0
21,18.9220216,72.8346228,44.77,9.96,3.0,20.0
22,18.9220226,72.8346238,44.87,9.92,3.0,20.0
23,18.9220236,72.8346248,45.00,9.95,3.0,20.0
24,18.9220246,72.8346259,44.91,9.92,3.0,20.0
25,18.9220256,72.8346269,45.06,10.08,3.0,20.0
26,18.9220265,72.8346280,45.00,9.92,3.0,20.0
27,18.9220275,72.8346290,45.05,10.08,3.0,20.0
28,18.9220285,72.8346300,44.90,10.03,3.0,20.0
29,18.9220295,72.8346311,45.01,9.99,3.0,20.0
30,18.9220305,72.8346321,45.03,10.06,3.0,20.0
31,18.9220314,72.8346331,44.95,9.95,3.0,20.0
32,18.9220324,72.8346342,45.00,10.01,3.0,20.0
33,18.9220334,72.8346352,45.01,9.97,3.0,20.0
34,18.9220344,72.8346362,45.14,9.96,3.0,20.0
35,18.9220354,72.8346373,45.20,10.08,3.0,20.0
36,18.9220363,72.8346383,45.17,9.91,3.0,20.0
37,18.9220373,72.8346394,45.08,9.91,3.0,20.0
38,18.9220383,72.8346404,44.98,9.92,3.0,20.0
39,18.9220393,72.8346414,44.93,9.97,3.0,20.0
40,18.9220403,72.8346425,44.91,10.03,3.0,20.0
41,18.9220412,72.8346435,44.97,10.04,3.0,20.0
42,18.9220422,72.8346445,44.93,10.03,3.0,20.0
43,18.9220432,72.8346456,44.94,9.93,3.0,20.0
44,18.9220442,72.8346466,44.95,9.96,3.0,20.0
45,18.9220452,72.8346477,45.01,10.05,3.0,20.0
46,18.9220462,72.8346487,44.93,9.99,3.0,20.0
47,18.9220471,72.8346497,44.92,9.96,3.0,20.0
48,18.9220481,72.8346508,44.78,9.91,3.0,20.0
49,18.9220491,72.8346518,44.93,10.05,3.0,20.0
50,18.9220501,72.8346528,44.91,10.03,3.0,20.0
51,18.9220511,72.8346539,44.84,10.04,3.0,20.0
52,18.9220521,72.8346549,44.97,10.05,3.0,20.0
53,18.9220530,72.8346559,44.96,10.10,3.0,20.0
54,18.9220540,72.8346570,45.09,9.91,3.0,20.0
55,18.9220550,72.8346580,45.06,9.99,3.0,20.0
56,18.9220560,72.8346591,45.00,10.02,3.0,20.0
57,18.9220570,72.8346601,44.89,10.05,3.0,20.0
58,18.9220579,72.8346611,45.00,9.91,3.0,20.0
59,18.9220589,72.8346622,45.05,9.95,3.0,20.0
60,18.9220599,72.8346632,45.10,10.04,3.0,20.0
61,18.9220609,72.8346642,45.24,10.06,3.0,20.0
62,18.9220619,72.8346653,45.19,10.05,3.0,20.0
63,18.9220628,72.8346663,45.08,10.04,3.0,20.0
64,18.9220638,72.8346674,45.06,9.95,3.0,20.0
65,18.9220648,72.8346684,44.98,9.94,3.0,20.0
66,18.9220658,72.8346694,45.07,9.92,3.0,20.0
67,18.9220668,72.8346705,44.99,9.94,3.0,20.0
68,18.9220677,72.8346715,44.89,10.05,3.0,20.0
69,18.9220687,72.8346725,44.91,10.03,3.0,20.0
70,18.9220697,72.8346736,45.03,9.99,3.0,20.0
71,18.9220707,72.8346746,44.89,9.94,3.0,20.0
72,18.9220717,72.8346757,44.90,10.04,3.0,20.0
73,18.9220726,72.8346767,45.02,10.00,3.0,20.0
74,18.9220736,72.8346777,44.94,10.02,3.0,20.0
75,18.9220746,72.8346788,45.07,9.97,3.0,20.0
76,18.9220756,72.8346798,45.20,10.08,3.0,20.0
77,18.9220766,72.8346808,45.23,10.00,3.0,20.0
78,18.9220775,72.8346819,45.11,9.92,3.0,20.0
79,18.9220785,72.8346829,44.98,10.02,3.0,20.0
80,18.9220795,72.8346840,45.04,10.10,3.0,20.0
81,18.9220805,72.8346850,45.07,10.10,3.0,20.0
82,18.9220815,72.8346860,45.04,9.93,3.0,20.0
83,18.9220824,72.8346871,44.91,9.96,3.0,20.0
84,18.9220834,72.8346881,44.92,10.10,3.0,20.0
85,18.9220844,72.8346891,44.86,9.95,3.0,20.0
86,18.9220854,72.8346902,44.93,9.98,3.0,20.0
87,18.9220864,72.8346912,44.94,9.93,3.0,20.0
88,18.9220874,72.8346923,45.05,10.08,3.0,20.0
89,18.9220883,72.8346933,45.13,10.09,3.0,20.0
90,18.9220893,72.8346943,45.08,9.91,3.0,20.0
91,18.9220903,72.8346954,45.02,10.08,3.0,20.0
92,18.9220913,72.8346964,45.01,9.94,3.0,20.0
93,18.9220923,72.8346974,44.90,9.93,3.0,20.0
94,18.9220932,72.8346985,44.88,10.09,3.0,20.0
95,18.9220942,72.8346995,45.00,10.05,3.0,20.0
96,18.9220952,72.8347006,45.08,9.94,3.0,20.0
97,18.9220962,72.8347016,45.16,9.94,3.0,20.0
98,18.9220972,72.8347026,45.17,9.91,3.0,20.0
99,18.9220981,72.8347037,45.29,9.93,3.0,20.0
100,18.9220991,72.8347047,45.31,10.03,3.0,20.0
101,18.9221001,72.8347058,45.36,10.04,3.0,20.0
102,18.9221011,72.8347068,45.32,10.06,3.0,20.0
103,18.9221020,72.8347078,45.45,10.02,3.0,20.0
104,18.9221030,72.8347089,45.59,10.07,3.0,20.0
105,18.9221040,72.8347099,45.46,10.03,3.0,20.0
106,18.9221050,72.8347110,45.34,10.03,3.0,20.0
107,18.9221059,72.8347120,45.30,10.07,3.0,20.0
108,18.9221069,72.8347131,45.16,10.09,3.0,20.0
109,18.9221079,72.8347141,45.02,9.91,3.0,20.0
110,18.9221089,72.8347151,44.88,9.93,3.0,20.0
111,18.9221099,72.8347162,45.02,10.07,3.0,20.0
112,18.9221108,72.8347172,45.15,9.94,3.0,20.0
113,18.9221118,72.8347183,45.20,10.06,3.0,20.0
114,18.9221128,72.8347193,45.27,9.95,3.0,20.0
115,18.9221138,72.8347203,45.41,10.05,3.0,20.0
116,18.9221147,72.8347214,45.47,9.96,3.0,20.0
117,18.9221157,72.8347224,45.44,10.05,3.0,20.0
118,18.9221167,72.8347235,45.44,10.00,3.0,20.0
119,18.9221177,72.8347245,45.57,9.98,3.0,20.0
120,18.9221186,72.8347256,45.67,9.91,3.0,20.0
121,18.9221196,72.8347266,45.68,10.04,3.0,20.0
122,18.9221206,72.8347277,45.54,10.04,3.0,20.0
123,18.9221215,72.8347287,45.47,10.03,3.0,20.0
124,18.9221225,72.8347298,45.51,9.93,3.0,20.0
125,18.9221235,72.8347308,45.64,9.95,3.0,20.0
126,18.9221244,72.8347319,45.53,9.99,3.0,20.0
127,18.9221254,72.8347329,45.40,9.92,3.0,20.0
128,18.9221264,72.8347339,45.48,9.92,3.0,20.0
129,18.9221274,72.8347350,45.49,10.08,3.0,20.0
130,18.9221283,72.8347360,45.48,10.06,3.0,20.0
131,18.9221293,72.8347371,45.58,9.93,3.0,20.0
132,18.9221303,72.8347381,45.45,10.06,3.0,20.0
133,18.9221313,72.8347392,45.56,10.07,3.0,20.0
134,18.9221322,72.8347402,45.63,10.00,3.0,20.0
135,18.9221332,72.8347413,45.76,10.05,3.0,20.0
136,18.9221342,72.8347423,45.84,10.08,3.0,20.0
137,18.9221351,72.8347434,45.71,10.05,3.0,20.0
138,18.9221361,72.8347444,45.73,9.90,3.0,20.0
139,18.9221371,72.8347455,45.66,10.04,3.0,20.0
140,18.9221380,72.8347465,45.67,10.01,3.0,20.0
141,18.9221390,72.8347476,45.61,10.01,3.0,20.0
142,18.9221400,72.8347486,45.72,10.10,3.0,20.0
143,18.9221409,72.8347497,45.73,10.05,3.0,20.0
144,18.9221419,72.8347507,45.61,9.93,3.0,20.0
145,18.9221429,72.8347518,45.63,10.07,3.0,20.0
146,18.9221439,72.8347528,45.51,9.93,3.0,20.0
147,18.9221448,72.8347539,45.51,9.96,3.0,20.0
148,18.9221458,72.8347549,45.41,9.93,3.0,20.0
149,18.9221468,72.8347560,45.38,10.06,3.0,20.0
150,18.9221478,72.8347570,45.29,10.06,3.0,20.0
151,18.9221487,72.8347580,45.16,9.95,3.0,20.0
152,18.9221497,72.8347591,45.21,9.90,3.0,20.0
153,18.9221507,72.8347601,45.16,9.93,3.0,20.0
154,18.9221517,72.8347612,45.07,10.08,3.0,20.0
155,18.9221526,72.8347622,44.97,10.04,3.0,20.0
156,18.9221536,72.8347632,45.10,9.95,3.0,20.0
157,18.9221546,72.8347643,45.20,9.96,3.0,20.0
158,18.9221556,72.8347653,45.29,10.02,3.0,20.0
159,18.9221566,72.8347664,45.24,10.08,3.0,20.0
160,18.9221575,72.8347674,45.30,9.96,3.0,20.0
161,18.9221585,72.8347684,45.32,9.96,3.0,20.0
162,18.9221595,72.8347695,45.26,10.09,3.0,20.0
163,18.9221605,72.8347705,45.40,9.93,3.0,20.0
164,18.9221614,72.8347716,45.52,10.04,3.0,20.0
165,18.9221624,72.8347726,45.38,9.92,3.0,20.0
166,18.9221634,72.8347737,45.36,10.08,3.0,20.0
167,18.9221644,72.8347747,45.47,9.95,3.0,20.0
168,18.9221653,72.8347758,45.45,10.09,3.0,20.0
169,18.9221663,72.8347768,45.37,9.92,3.0,20.0
170,18.9221673,72.8347778,45.34,10.04,3.0,20.0
171,18.9221683,72.8347789,45.45,10.08,3.0,20.0
172,18.9221692,72.8347799,45.31,9.94,3.0,20.0
173,18.9221702,72.8347810,45.20,10.02,3.0,20.0
174,18.9221712,72.8347820,45.17,10.08,3.0,20.0
175,18.9221722,72.8347830,45.20,10.02,3.0,20.0
176,18.9221731,72.8347841,45.26,9.94,3.0,20.0
177,18.9221741,72.8347851,45.38,10.07,3.0,20.0
178,18.9221751,72.8347862,45.47,10.06,3.0,20.0
179,18.9221761,72.8347872,45.38,9.91,3.0,20.0
180,18.9221770,72.8347883,45.33,10.04,3.0,20.0
181,18.9221780,72.8347893,45.25,10.07,3.0,20.0
182,18.9221790,72.8347904,45.35,10.04,3.0,20.0
183,18.9221800,72.8347914,45.35,9.93,3.0,20.0
184,18.9221809,72.8347924,45.44,9.93,3.0,20.0
185,18.9221819,72.8347935,45.44,10.05,3.0,20.0
186,18.9221829,72.8347945,45.48,9.95,3.0,20.0
187,18.9221839,72.8347956,45.59,9.96,3.0,20.0
188,18.9221848,72.8347966,45.57,9.99,3.0,20.0
189,18.9221858,72.8347977,45.63,9.91,3.0,20.0
190,18.9221868,72.8347987,45.67,10.00,3.0,20.0
191,18.9221877,72.8347998,45.76,9.97,3.0,20.0
192,18.9221887,72.8348008,45.78,10.09,3.0,20.0
193,18.9221897,72.8348019,45.65,10.06,3.0,20.0
194,18.9221906,72.8348029,45.64,9.96,3.0,20.0
195,18.9221916,72.8348040,45.57,9.94,3.0,20.0
196,18.9221926,72.8348050,45.68,9.94,3.0,20.0
197,18.9221935,72.8348061,45.82,10.00,3.0,20.0
198,18.9221945,72.8348071,45.75,10.06,3.0,20.0
199,18.9221955,72.8348082,45.78,10.08,3.0,20.0
200,18.9221965,72.8348092,45.67,10.04,3.0,20.0
201,18.9221974,72.8348103,45.53,9.94,3.0,20.0
202,18.9221984,72.8348113,45.50,9.96,3.0,20.0
203,18.9221994,72.8348124,45.44,10.01,3.0,20.0
204,18.9222003,72.8348134,45.51,9.98,3.0,20.0
205,18.9222013,72.8348145,45.51,10.06,3.0,20.0
206,18.9222023,72.8348155,45.43,10.10,3.0,20.0
207,18.9222033,72.8348165,45.29,9.97,3.0,20.0
208,18.9222042,72.8348176,45.39,9.95,3.0,20.0
209,18.9222052,72.8348186,45.33,9.93,3.0,20.0
210,18.9222062,72.8348197,45.48,10.08,3.0,20.0
211,18.9222072,72.8348207,45.35,10.01,3.0,20.0
212,18.9222081,72.8348218,45.25,9.90,3.0,20.0
213,18.9222091,72.8348228,45.16,10.04,3.0,20.0
214,18.9222101,72.8348238,45.17,9.96,3.0,20.0
215,18.9222111,72.8348249,45.20,9.92,3.0,20.0
216,18.9222121,72.8348259,45.15,9.92,3.0,20.0
217,18.9222130,72.8348270,45.25,9.98,3.0,20.0
218,18.9222140,72.8348280,45.31,9.97,3.0,20.0
219,18.9222150,72.8348290,45.28,10.02,3.0,20.0
220,18.9222160,72.8348301,45.21,10.01,3.0,20.0
221,18.9222169,72.8348311,45.29,9.91,3.0,20.0
222,18.9222179,72.8348322,45.20,9.90,3.0,20.0
223,18.9222189,72.8348332,45.20,9.92,3.0,20.0
224,18.9222199,72.8348342,45.21,9.93,3.0,20.0
225,18.9222208,72.8348353,45.21,9.96,3.0,20.0
226,18.9222218,72.8348363,45.29,10.06,3.0,20.0
227,18.9222228,72.8348374,45.43,9.99,3.0,20.0
228,18.9222238,72.8348384,45.54,10.07,3.0,20.0
229,18.9222247,72.8348395,45.49,10.10,3.0,20.0
230,18.9222257,72.8348405,45.63,9.93,3.0,20.0
231,18.9222267,72.8348416,45.71,10.04,3.0,20.0
232,18.9222276,72.8348426,45.74,10.04,3.0,20.0
233,18.9222286,72.8348437,45.68,10.07,3.0,20.0
234,18.9222296,72.8348447,45.74,9.94,3.0,20.0
235,18.9222305,72.8348458,45.88,10.05,3.0,20.0
236,18.9222315,72.8348468,45.75,9.91,3.0,20.0
237,18.9222325,72.8348479,45.65,10.03,3.0,20.0
238,18.9222335,72.8348489,45.72,10.09,3.0,20.0
239,18.9222344,72.8348500,45.83,9.94,3.0,20.0
240,18.9222354,72.8348510,45.74,9.92,3.0,20.0
241,18.9222364,72.8348521,45.71,9.98,3.0,20.0
242,18.9222373,72.8348531,45.67,10.06,3.0,20.0
243,18.9222383,72.8348542,45.70,10.06,3.0,20.0
244,18.9222393,72.8348552,45.81,10.05,3.0,20.0
245,18.9222402,72.8348563,45.82,9.98,3.0,20.0
246,18.9222412,72.8348573,45.83,9.99,3.0,20.0
247,18.9222422,72.8348584,45.88,10.07,3.0,20.0
248,18.9222431,72.8348594,45.93,9.95,3.0,20.0
249,18.9222441,72.8348605,45.95,9.99,3.0,20.0
250,18.9222451,72.8348615,45.84,9.92,3.0,20.0
251,18.9222460,72.8348626,45.82,10.09,3.0,20.0
252,18.9222470,72.8348636,45.88,9.91,3.0,20.0
253,18.9222480,72.8348647,46.01,10.04,3.0,20.0
254,18.9222489,72.8348658,46.04,9.90,3.0,20.0
255,18.9222499,72.8348668,45.98,9.97,3.0,20.0
256,18.9222508,72.8348679,45.98,9.92,3.0,20.0
257,18.9222518,72.8348689,46.02,10.02,3.0,20.0
258,18.9222528,72.8348700,46.06,10.00,3.0,20.0
259,18.9222537,72.8348710,46.08,9.92,3.0,20.0
260,18.9222547,72.8348721,46.17,10.07,3.0,20.0
261,18.9222557,72.8348732,46.28,10.05,3.0,20.0
262,18.9222566,72.8348742,46.20,9.96,3.0,20.0
263,18.9222576,72.8348753,46.07,10.06,3.0,20.0
264,18.9222585,72.8348763,46.18,10.09,3.0,20.0
265,18.9222595,72.8348774,46.21,10.06,3.0,20.0
266,18.9222605,72.8348784,46.31,9.92,3.0,20.0
267,18.9222614,72.8348795,46.18,10.08,3.0,20.0
268,18.9222624,72.8348806,46.32,10.04,3.0,20.0
269,18.9222633,72.8348816,46.36,9.98,3.0,20.0
270,18.9222643,72.8348827,46.46,9.96,3.0,20.0
271,18.9222652,72.8348837,46.33,10.06,3.0,20.0
272,18.9222662,72.8348848,46.20,10.04,3.0,20.0
273,18.9222672,72.8348859,46.24,9.92,3.0,20.0
274,18.9222681,72.8348869,46.23,9.95,3.0,20.0
275,18.9222691,72.8348880,46.32,10.06,3.0,20.0
276,18.9222700,72.8348890,46.27,9.93,3.0,20.0
277,18.9222710,72.8348901,46.22,9.99,3.0,20.0
278,18.9222720,72.8348912,46.25,10.09,3.0,20.0
279,18.9222729,72.8348922,46.20,9.93,3.0,20.0
280,18.9222739,72.8348933,46.23,9.99,3.0,20.0
281,18.9222748,72.8348943,46.31,10.03,3.0,20.0
282,18.9222758,72.8348954,46.32,10.06,3.0,20.0
283,18.9222768,72.8348965,46.23,10.06,3.0,20.0
284,18.9222777,72.8348975,46.13,10.00,3.0,20.0
285,18.9222787,72.8348986,46.15,10.01,3.0,20.0
286,18.9222796,72.8348996,46.04,9.99,3.0,20.0
287,18.9222806,72.8349007,45.97,9.96,3.0,20.0
288,18.9222816,72.8349017,45.95,9.98,3.0,20.0
289,18.9222825,72.8349028,45.86,10.04,3.0,20.0
290,18.9222835,72.8349038,45.99,10.09,3.0,20.0
291,18.9222845,72.8349049,45.89,9.95,3.0,20.0
292,18.9222854,72.8349060,45.86,10.02,3.0,20.0
293,18.9222864,72.8349070,45.92,10.02,3.0,20.0
294,18.9222874,72.8349081,45.92,10.10,3.0,20.0
295,18.9222883,72.8349091,46.06,10.06,3.0,20.0
296,18.9222893,72.8349102,45.98,10.05,3.0,20.0
297,18.9222903,72.8349112,45.84,10.09,3.0,20.0
298,18.9222912,72.8349123,45.90,10.09,3.0,20.0
299,18.9222922,72.8349133,45.88,10.04,3.0,20.0
300,18.9222932,72.8349144,45.81,10.09,3.0,20.0
301,18.9222941,72.8349154,45.71,9.90,3.0,20.0
302,18.9222951,72.8349165,45.64,10.03,3.0,20.0
303,18.9222961,72.8349175,45.66,10.06,3.0,20.0
304,18.9222970,72.8349186,45.71,10.06,3.0,20.0
305,18.9222980,72.8349196,45.84,9.91,3.0,20.0
306,18.9222990,72.8349207,45.72,9.96,3.0,20.0
307,18.9222999,72.8349217,45.61,10.01,3.0,20.0
308,18.9223009,72.8349228,45.68,9.94,3.0,20.0
309,18.9223019,72.8349238,45.68,9.95,3.0,20.0
310,18.9223029,72.8349249,45.53,9.95,3.0,20.0
311,18.9223038,72.8349259,45.46,10.04,3.0,20.0
312,18.9223048,72.8349270,45.61,9.91,3.0,20.0
313,18.9223058,72.8349280,45.60,9.99,3.0,20.0
314,18.9223067,72.8349291,45.64,9.93,3.0,20.0
315,18.9223077,72.8349301,45.78,9.96,3.0,20.0
316,18.9223087,72.8349312,45.80,9.98,3.0,20.0
317,18.9223096,72.8349322,45.82,10.08,3.0,20.0
318,18.9223106,72.8349333,45.85,9.97,3.0,20.0
319,18.9223116,72.8349343,45.99,9.94,3.0,20.0
320,18.9223125,72.8349354,46.13,10.03,3.0,20.0
321,18.9223135,72.8349364,46.05,10.10,3.0,20.0
322,18.9223145,72.8349375,46.16,10.00,3.0,20.0
323,18.9223154,72.8349386,46.25,9.92,3.0,20.0
324,18.9223164,72.8349396,46.19,10.00,3.0,20.0
325,18.9223173,72.8349407,46.32,9.97,3.0,20.0
326,18.9223183,72.8349417,46.47,10.02,3.0,20.0
327,18.9223192,72.8349428,46.53,10.06,3.0,20.0
328,18.9223202,72.8349439,46.42,10.08,3.0,20.0
329,18.9223212,72.8349449,46.45,9.92,3.0,20.0
330,18.9223221,72.8349460,46.35,10.06,3.0,20.0
331,18.9223231,72.8349471,46.36,10.09,3.0,20.0
332,18.9223240,72.8349481,46.47,10.01,3.0,20.0
333,18.9223250,72.8349492,46.45,10.05,3.0,20.0
334,18.9223259,72.8349502,46.59,9.96,3.0,20.0
335,18.9223269,72.8349513,46.60,9.92,3.0,20.0
336,18.9223278,72.8349524,46.46,9.91,3.0,20.0
337,18.9223288,72.8349534,46.42,10.02,3.0,20.0
338,18.9223298,72.8349545,46.53,10.05,3.0,20.0
339,18.9223307,72.8349556,46.67,9.95,3.0,20.0
340,18.9223317,72.8349566,46.78,9.96,3.0,20.0
341,18.9223326,72.8349577,46.74,10.01,3.0,20.0
342,18.9223336,72.8349588,46.89,9.99,3.0,20.0
343,18.9223345,72.8349598,46.76,9.97,3.0,20.0
344,18.9223355,72.8349609,46.78,10.04,3.0,20.0
345,18.9223364,72.8349620,46.67,9.96,3.0,20.0
346,18.9223374,72.8349630,46.57,10.00,3.0,20.0
347,18.9223383,72.8349641,46.54,9.96,3.0,20.0
348,18.9223393,72.8349652,46.54,10.05,3.0,20.0
349,18.9223402,72.8349662,46.58,10.05,3.0,20.0
350,18.9223412,72.8349673,46.55,10.09,3.0,20.0
351,18.9223421,72.8349684,46.43,9.91,3.0,20.0
352,18.9223431,72.8349694,46.31,10.00,3.0,20.0
353,18.9223441,72.8349705,46.26,9.94,3.0,20.0
354,18.9223450,72.8349715,46.11,10.06,3.0,20.0
355,18.9223460,72.8349726,45.98,10.03,3.0,20.0
356,18.9223469,72.8349737,46.12,9.95,3.0,20.0
357,18.9223479,72.8349747,46.15,10.08,3.0,20.0
358,18.9223489,72.8349758,46.13,10.08,3.0,20.0
359,18.9223498,72.8349768,45.99,10.01,3.0,20.0
360,18.9223508,72.8349779,46.07,10.00,3.0,20.0
361,18.9223517,72.8349789,46.17,10.10,3.0,20.0
362,18.9223527,72.8349800,46.27,10.00,3.0,20.0
363,18.9223537,72.8349811,46.33,10.07,3.0,20.0
364,18.9223546,72.8349821,46.37,9.91,3.0,20.0
365,18.9223556,72.8349832,46.28,10.02,3.0,20.0
366,18.9223565,72.8349842,46.16,9.93,3.0,20.0
367,18.9223575,72.8349853,46.30,10.00,3.0,20.0
368,18.9223585,72.8349864,46.45,10.07,3.0,20.0
369,18.9223594,72.8349874,46.54,9.98,3.0,20.0
370,18.9223604,72.8349885,46.46,9.91,3.0,20.0
371,18.9223613,72.8349895,46.37,10.00,3.0,20.0
372,18.9223623,72.8349906,46.41,9.93,3.0,20.0
373,18.9223632,72.8349917,46.39,9.97,3.0,20.0
374,18.9223642,72.8349927,46.51,9.96,3.0,20.0
375,18.9223651,72.8349938,46.61,10.03,3.0,20.0
376,18.9223661,72.8349949,46.74,9.96,3.0,20.0
377,18.9223670,72.8349959,46.67,10.00,3.0,20.0
378,18.9223680,72.8349970,46.60,10.02,3.0,20.0
379,18.9223690,72.8349981,46.73,10.01,3.0,20.0
380,18.9223699,72.8349991,46.64,9.91,3.0,20.0
381,18.9223709,72.8350002,46.68,9.99,3.0,20.0
382,18.9223718,72.8350013,46.53,9.97,3.0,20.0
383,18.9223728,72.8350023,46.62,10.03,3.0,20.0
384,18.9223737,72.8350034,46.57,10.09,3.0,20.0
385,18.9223747,72.8350045,46.72,9.91,3.0,20.0
386,18.9223756,72.8350055,46.64,10.02,3.0,20.0
387,18.9223766,72.8350066,46.59,9.94,3.0,20.0
388,18.9223775,72.8350077,46.68,10.08,3.0,20.0
389,18.9223785,72.8350087,46.68,10.09,3.0,20.0
390,18.9223794,72.8350098,46.70,10.03,3.0,20.0
391,18.9223804,72.8350109,46.70,10.06,3.0,20.0
392,18.9223813,72.8350119,46.82,10.00,3.0,20.0
393,18.9223823,72.8350130,46.82,10.06,3.0,20.0
394,18.9223832,72.8350141,46.92,10.03,3.0,20.0
395,18.9223842,72.8350151,46.82,9.93,3.0,20.0
396,18.9223851,72.8350162,46.78,9.91,3.0,20.0
397,18.9223861,72.8350173,46.73,9.97,3.0,20.0
398,18.9223870,72.8350184,46.62,9.93,3.0,20.0
399,18.9223880,72.8350194,46.66,10.08,3.0,20.0
400,18.9223889,72.8350205,46.58,10.04,3.0,20.0
401,18.9223899,72.8350215,46.55,9.90,3.0,20.0
402,18.9223908,72.8350226,46.68,9.92,3.0,20.0
403,18.9223918,72.8350237,46.68,9.90,3.0,20.0
404,18.9223927,72.8350247,46.61,9.97,3.0,20.0
405,18.9223937,72.8350258,46.57,10.00,3.0,20.0
406,18.9223947,72.8350269,46.71,10.02,3.0,20.0
407,18.9223956,72.8350279,46.70,10.07,3.0,20.0
408,18.9223966,72.8350290,46.69,10.04,3.0,20.0
409,18.9223975,72.8350301,46.67,10.05,3.0,20.0
410,18.9223985,72.8350311,46.55,9.93,3.0,20.0
411,18.9223994,72.8350322,46.61,10.05,3.0,20.0
412,18.9224004,72.8350333,46.57,9.91,3.0,20.0
413,18.9224013,72.8350343,46.60,9.92,3.0,20.0
414,18.9224023,72.8350354,46.57,10.06,3.0,20.0
415,18.9224032,72.8350365,46.66,10.06,3.0,20.0
416,18.9224042,72.8350375,46.54,10.05,3.0,20.0
417,18.9224051,72.8350386,46.40,10.10,3.0,20.0
418,18.9224061,72.8350397,46.47,10.05,3.0,20.0
419,18.9224070,72.8350407,46.58,10.06,3.0,20.0
420,18.9224080,72.8350418,46.66,10.09,3.0,20.0
421,18.9224090,72.8350429,46.53,9.92,3.0,20.0
422,18.9224099,72.8350439,46.59,9.92,3.0,20.0
423,18.9224109,72.8350450,46.68,9.98,3.0,20.0
424,18.9224118,72.8350461,46.75,9.92,3.0,20.0
425,18.9224128,72.8350471,46.77,10.04,3.0,20.0
426,18.9224137,72.8350482,46.84,9.94,3.0,20.0
427,18.9224147,72.8350493,46.76,10.07,3.0,20.0
428,18.9224156,72.8350503,46.85,10.00,3.0,20.0
429,18.9224166,72.8350514,46.71,10.04,3.0,20.0
430,18.9224175,72.8350525,46.78,10.03,3.0,20.0
431,18.9224185,72.8350535,46.92,10.03,3.0,20.0
432,18.9224194,72.8350546,47.02,9.95,3.0,20.0
433,18.9224204,72.8350557,46.96,10.10,3.0,20.0
434,18.9224213,72.8350568,47.11,9.92,3.0,20.0
435,18.9224222,72.8350578,47.14,10.04,3.0,20.0
436,18.9224232,72.8350589,47.18,9.98,3.0,20.0
437,18.9224241,72.8350600,47.13,10.08,3.0,20.0
438,18.9224251,72.8350611,47.02,9.92,3.0,20.0
439,18.9224260,72.8350621,47.10,9.90,3.0,20.0
440,18.9224270,72.8350632,47.06,10.01,3.0,20.0
441,18.9224279,72.8350643,47.12,9.95,3.0,20.0
442,18.9224289,72.8350654,47.16,10.03,3.0,20.0
443,18.9224298,72.8350664,47.25,9.99,3.0,20.0
444,18.9224307,72.8350675,47.38,9.99,3.0,20.0
445,18.9224317,72.8350686,47.51,9.98,3.0,20.0
446,18.9224326,72.8350697,47.58,9.96,3.0,20.0
447,18.9224335,72.8350708,47.61,10.05,3.0,20.0
448,18.9224345,72.8350718,47.48,10.05,3.0,20.0
449,18.9224354,72.8350729,47.36,10.06,3.0,20.0
450,18.9224364,72.8350740,47.25,9.95,3.0,20.0
451,18.9224373,72.8350751,47.20,9.95,3.0,20.0
452,18.9224382,72.8350762,47.23,9.97,3.0,20.0
453,18.9224392,72.8350772,47.32,9.98,3.0,20.0
454,18.9224401,72.8350783,47.41,9.96,3.0,20.0
455,18.9224411,72.8350794,47.42,10.02,3.0,20.0
456,18.9224420,72.8350805,47.37,10.06,3.0,20.0
457,18.9224429,72.8350816,47.41,10.01,3.0,20.0
458,18.9224439,72.8350826,47.46,9.95,3.0,20.0
459,18.9224448,72.8350837,47.41,10.08,3.0,20.0
460,18.9224458,72.8350848,47.46,9.99,3.0,20.0
461,18.9224467,72.8350859,47.61,10.09,3.0,20.0
462,18.9224476,72.8350870,47.68,9.92,3.0,20.0
463,18.9224486,72.8350880,47.64,9.98,3.0,20.0
464,18.9224495,72.8350891,47.66,9.96,3.0,20.0
465,18.9224504,72.8350902,47.65,10.08,3.0,20.0
466,18.9224514,72.8350913,47.53,9.92,3.0,20.0
467,18.9224523,72.8350924,47.54,9.90,3.0,20.0
468,18.9224532,72.8350935,47.50,9.95,3.0,20.0
469,18.9224542,72.8350945,47.58,9.94,3.0,20.0
470,18.9224551,72.8350956,47.59,10.07,3.0,20.0
471,18.9224560,72.8350967,47.64,9.98,3.0,20.0
472,18.9224570,72.8350978,47.55,10.09,3.0,20.0
473,18.9224579,72.8350989,47.63,10.04,3.0,20.0
474,18.9224589,72.8351000,47.56,9.95,3.0,20.0
475,18.9224598,72.8351010,47.67,10.07,3.0,20.0
476,18.9224607,72.8351021,47.77,9.96,3.0,20.0
477,18.9224617,72.8351032,47.83,10.06,3.0,20.0
478,18.9224626,72.8351043,47.95,10.04,3.0,20.0
479,18.9224635,72.8351054,47.82,9.91,3.0,20.0
480,18.9224644,72.8351065,47.76,10.06,3.0,20.0
481,18.9224654,72.8351076,47.71,9.91,3.0,20.0
482,18.9224663,72.8351086,47.70,9.93,3.0,20.0
483,18.9224672,72.8351097,47.67,10.04,3.0,20.0
484,18.9224682,72.8351108,47.67,10.01,3.0,20.0
485,18.9224691,72.8351119,47.68,10.09,3.0,20.0
486,18.9224700,72.8351130,47.80,10.00,3.0,20.0
487,18.9224710,72.8351141,47.69,10.04,3.0,20.0
488,18.9224719,72.8351152,47.58,9.90,3.0,20.0
489,18.9224729,72.8351162,47.46,9.99,3.0,20.0
490,18.9224738,72.8351173,47.57,10.00,3.0,20.0
491,18.9224747,72.8351184,47.65,10.01,3.0,20.0
492,18.9224757,72.8351195,47.72,10.00,3.0,20.0
493,18.9224766,72.8351206,47.79,9.97,3.0,20.0
494,18.9224775,72.8351217,47.72,10.06,3.0,20.0
495,18.9224785,72.8351227,47.81,10.06,3.0,20.0
496,18.9224794,72.8351238,47.86,10.06,3.0,20.0
497,18.9224803,72.8351249,47.88,10.03,3.0,20.0
498,18.9224812,72.8351260,47.94,9.98,3.0,20.0
499,18.9224822,72.8351271,47.80,10.07,3.0,20.0
500,18.9224831,72.8351282,47.91,9.96,3.0,20.0
501,18.9224840,72.8351293,47.89,9.92,3.0,20.0
502,18.9224850,72.8351304,48.02,9.92,3.0,20.0
503,18.9224859,72.8351314,48.00,9.91,3.0,20.0
504,18.9224868,72.8351325,48.11,10.04,3.0,20.0
505,18.9224877,72.8351336,48.19,10.02,3.0,20.0
506,18.9224887,72.8351347,48.25,10.08,3.0,20.0
507,18.9224896,72.8351358,48.13,9.95,3.0,20.0
508,18.9224905,72.8351369,48.01,9.99,3.0,20.0
509,18.9224915,72.8351380,47.88,10.03,3.0,20.0
510,18.9224924,72.8351391,47.91,10.04,3.0,20.0
511,18.9224933,72.8351402,48.01,9.91,3.0,20.0
512,18.9224942,72.8351413,47.87,9.99,3.0,20.0
513,18.9224952,72.8351424,47.88,10.04,3.0,20.0
514,18.9224961,72.8351434,47.83,10.09,3.0,20.0
515,18.9224970,72.8351445,47.84,10.00,3.0,20.0
516,18.9224980,72.8351456,47.89,10.08,3.0,20.0
517,18.9224989,72.8351467,47.97,10.08,3.0,20.0
518,18.9224998,72.8351478,47.87,9.92,3.0,20.0
519,18.9225008,72.8351489,47.73,10.02,3.0,20.0
520,18.9225017,72.8351500,47.80,9.94,3.0,20.0
521,18.9225026,72.8351511,47.83,9.94,3.0,20.0
522,18.9225036,72.8351521,47.85,10.10,3.0,20.0
523,18.9225045,72.8351532,47.97,9.96,3.0,20.0
524,18.9225054,72.8351543,47.83,9.95,3.0,20.0
525,18.9225063,72.8351554,47.84,9.97,3.0,20.0
526,18.9225073,72.8351565,47.83,10.00,3.0,20.0
527,18.9225082,72.8351576,47.95,9.97,3.0,20.0
528,18.9225091,72.8351587,47.92,9.96,3.0,20.0
529,18.9225101,72.8351598,47.94,9.93,3.0,20.0
530,18.9225110,72.8351608,47.94,10.00,3.0,20.0
531,18.9225119,72.8351619,48.04,10.01,3.0,20.0
532,18.9225128,72.8351630,48.16,9.97,3.0,20.0
533,18.9225138,72.8351641,48.15,9.97,3.0,20.0
534,18.9225147,72.8351652,48.00,10.04,3.0,20.0
535,18.9225156,72.8351663,48.06,10.09,3.0,20.0
536,18.9225166,72.8351674,47.93,10.07,3.0,20.0
537,18.9225175,72.8351685,48.01,10.08,3.0,20.0
538,18.9225184,72.8351696,47.90,9.95,3.0,20.0
539,18.9225193,72.8351707,47.98,10.04,3.0,20.0
540,18.9225203,72.8351717,47.86,9.91,3.0,20.0
541,18.9225212,72.8351728,48.00,10.04,3.0,20.0
542,18.9225221,72.8351739,47.96,9.99,3.0,20.0
543,18.9225231,72.8351750,47.86,9.96,3.0,20.0
544,18.9225240,72.8351761,48.00,9.92,3.0,20.0
545,18.9225249,72.8351772,48.13,10.06,3.0,20.0
546,18.9225258,72.8351783,48.09,10.05,3.0,20.0
547,18.9225268,72.8351794,48.10,10.03,3.0,20.0
548,18.9225277,72.8351805,48.12,9.98,3.0,20.0
549,18.9225286,72.8351816,48.26,10.05,3.0,20.0
550,18.9225295,72.8351827,48.23,10.01,3.0,20.0
551,18.9225305,72.8351837,48.16,9.93,3.0,20.0
552,18.9225314,72.8351848,48.10,10.07,3.0,20.0
553,18.9225323,72.8351859,48.01,9.95,3.0,20.0
554,18.9225333,72.8351870,47.88,10.10,3.0,20.0
555,18.9225342,72.8351881,47.80,9.94,3.0,20.0
556,18.9225351,72.8351892,47.87,9.92,3.0,20.0
557,18.9225360,72.8351903,47.96,10.04,3.0,20.0
558,18.9225370,72.8351914,47.82,10.06,3.0,20.0
559,18.9225379,72.8351925,47.74,9.92,3.0,20.0
560,18.9225388,72.8351935,47.81,10.09,3.0,20.0
561,18.9225398,72.8351946,47.77,9.96,3.0,20.0
562,18.9225407,72.8351957,47.77,10.06,3.0,20.0
563,18.9225416,72.8351968,47.91,10.04,3.0,20.0
564,18.9225426,72.8351979,47.88,9.99,3.0,20.0
565,18.9225435,72.8351990,47.99,9.95,3.0,20.0
566,18.9225444,72.8352001,47.95,9.94,3.0,20.0
567,18.9225454,72.8352012,48.10,10.06,3.0,20.0
568,18.9225463,72.8352023,48.02,10.06,3.0,20.0
569,18.9225472,72.8352033,48.15,9.96,3.0,20.0
570,18.9225481,72.8352044,48.10,9.96,3.0,20.0
571,18.9225491,72.8352055,48.21,9.99,3.0,20.0
572,18.9225500,72.8352066,48.31,9.98,3.0,20.0
573,18.9225509,72.8352077,48.39,10.09,3.0,20.0
574,18.9225518,72.8352088,48.38,9.94,3.0,20.0
575,18.9225527,72.8352099,48.50,10.09,3.0,20.0
576,18.9225537,72.8352110,48.47,10.08,3.0,20.0
577,18.9225546,72.8352121,48.62,10.09,3.0,20.0
578,18.9225555,72.8352132,48.73,9.99,3.0,20.0
579,18.9225564,72.8352143,48.68,9.95,3.0,20.0
580,18.9225573,72.8352154,48.61,9.96,3.0,20.0
581,18.9225582,72.8352165,48.51,9.90,3.0,20.0
582,18.9225592,72.8352176,48.45,9.92,3.0,20.0
583,18.9225601,72.8352187,48.53,9.98,3.0,20.0
584,18.9225610,72.8352198,48.67,10.04,3.0,20.0
585,18.9225619,72.8352209,48.60,10.04,3.0,20.0
586,18.9225628,72.8352220,48.63,10.09,3.0,20.0
587,18.9225638,72.8352231,48.69,9.95,3.0,20.0
588,18.9225647,72.8352242,48.59,9.98,3.0,20.0
589,18.9225656,72.8352253,48.54,9.95,3.0,20.0
590,18.9225665,72.8352264,48.63,9.96,3.0,20.0
591,18.9225674,72.8352275,48.63,9.97,3.0,20.0
592,18.9225683,72.8352286,48.67,9.94,3.0,20.0
593,18.9225693,72.8352297,48.63,9.96,3.0,20.0
594,18.9225702,72.8352308,48.66,10.01,3.0,20.0
595,18.9225711,72.8352319,48.77,10.03,3.0,20.0
596,18.9225720,72.8352330,48.62,10.05,3.0,20.0
597,18.9225729,72.8352341,48.72,10.09,3.0,20.0
598,18.9225738,72.8352352,48.64,10.02,3.0,20.0
599,18.9225748,72.8352363,48.54,10.02,3.0,20.0
600,18.9225757,72.8352374,48.61,10.07,3.0,20.0
601,18.9225766,72.8352385,48.62,10.01,3.0,20.0
602,18.9225775,72.8352396,48.56,9.92,3.0,20.0
603,18.9225784,72.8352407,48.54,9.94,3.0,20.0
604,18.9225793,72.8352418,48.59,9.95,3.0,20.0
605,18.9225803,72.8352429,48.56,9.90,3.0,20.0
606,18.9225812,72.8352440,48.50,10.07,3.0,20.0
607,18.9225821,72.8352451,48.38,10.00,3.0,20.0
608,18.9225830,72.8352462,48.46,10.09,3.0,20.0
609,18.9225839,72.8352473,48.50,9.91,3.0,20.0
610,18.9225849,72.8352484,48.58,10.07,3.0,20.0
611,18.9225858,72.8352495,48.68,10.06,3.0,20.0
612,18.9225867,72.8352506,48.74,10.05,3.0,20.0
613,18.9225876,72.8352517,48.72,9.91,3.0,20.0
614,18.9225885,72.8352528,48.64,9.99,3.0,20.0
615,18.9225894,72.8352539,48.64,10.10,3.0,20.0
616,18.9225904,72.8352550,48.60,9.99,3.0,20.0
617,18.9225913,72.8352561,48.68,9.96,3.0,20.0
618,18.9225922,72.8352572,48.64,9.94,3.0,20.0
619,18.9225931,72.8352583,48.64,9.93,3.0,20.0
620,18.9225940,72.8352594,48.67,9.99,3.0,20.0
621,18.9225949,72.8352605,48.58,9.95,3.0,20.0
622,18.9225959,72.8352616,48.61,9.96,3.0,20.0
623,18.9225968,72.8352627,48.75,10.09,3.0,20.0
624,18.9225977,72.8352638,48.72,10.04,3.0,20.0
625,18.9225986,72.8352649,48.64,9.93,3.0,20.0
626,18.9225995,72.8352660,48.73,10.09,3.0,20.0
627,18.9226004,72.8352671,48.65,9.96,3.0,20.0
628,18.9226014,72.8352682,48.69,9.93,3.0,20.0
629,18.9226023,72.8352693,48.60,10.00,3.0,20.0
630,18.9226032,72.8352704,48.58,9.95,3.0,20.0
631,18.9226041,72.8352715,48.58,9.96,3.0,20.0
632,18.9226050,72.8352726,48.55,10.06,3.0,20.0
633,18.9226059,72.8352737,48.58,9.99,3.0,20.0
634,18.9226069,72.8352748,48.56,10.09,3.0,20.0
635,18.9226078,72.8352759,48.70,10.08,3.0,20.0
636,18.9226087,72.8352770,48.78,9.99,3.0,20.0
637,18.9226096,72.8352781,48.79,9.93,3.0,20.0
638,18.9226105,72.8352793,48.92,9.94,3.0,20.0
639,18.9226114,72.8352804,48.79,10.02,3.0,20.0
640,18.9226123,72.8352815,48.68,10.05,3.0,20.0
641,18.9226133,72.8352826,48.62,10.05,3.0,20.0
642,18.9226142,72.8352837,48.63,9.93,3.0,20.0
643,18.9226151,72.8352848,48.64,10.03,3.0,20.0
644,18.9226160,72.8352859,48.49,9.93,3.0,20.0
645,18.9226169,72.8352870,48.45,10.02,3.0,20.0
646,18.9226179,72.8352880,48.42,9.98,3.0,20.0
647,18.9226188,72.8352891,48.47,9.95,3.0,20.0
648,18.9226197,72.8352902,48.41,9.99,3.0,20.0
649,18.9226206,72.8352913,48.54,9.98,3.0,20.0
650,18.9226215,72.8352924,48.41,9.95,3.0,20.0
651,18.9226225,72.8352935,48.42,10.10,3.0,20.0
652,18.9226234,72.8352946,48.46,10.01,3.0,20.0
653,18.9226243,72.8352957,48.38,9.97,3.0,20.0
654,18.9226252,72.8352968,48.50,10.10,3.0,20.0
655,18.9226261,72.8352979,48.46,10.03,3.0,20.0
656,18.9226271,72.8352990,48.52,10.05,3.0,20.0
657,18.9226280,72.8353001,48.45,9.95,3.0,20.0
658,18.9226289,72.8353012,48.41,10.00,3.0,20.0
659,18.9226298,72.8353023,48.33,9.91,3.0,20.0
660,18.9226307,72.8353034,48.45,9.97,3.0,20.0
661,18.9226317,72.8353045,48.45,9.96,3.0,20.0
662,18.9226326,72.8353056,48.59,10.03,3.0,20.0
663,18.9226335,72.8353067,48.69,9.95,3.0,20.0
664,18.9226344,72.8353078,48.77,9.99,3.0,20.0
665,18.9226353,72.8353089,48.70,10.03,3.0,20.0
666,18.9226362,72.8353100,48.58,10.09,3.0,20.0
667,18.9226372,72.8353111,48.47,10.06,3.0,20.0
668,18.9226381,72.8353122,48.45,9.93,3.0,20.0
669,18.9226390,72.8353133,48.53,9.92,3.0,20.0
670,18.9226399,72.8353144,48.63,9.94,3.0,20.0
671,18.9226408,72.8353155,48.56,9.91,3.0,20.0
672,18.9226418,72.8353166,48.44,10.07,3.0,20.0
673,18.9226427,72.8353177,48.52,9.99,3.0,20.0
674,18.9226436,72.8353188,48.62,9.96,3.0,20.0
675,18.9226445,72.8353199,48.60,9.98,3.0,20.0
676,18.9226454,72.8353210,48.56,10.00,3.0,20.0
677,18.9226464,72.8353221,48.55,10.04,3.0,20.0
678,18.9226473,72.8353232,48.63,9.98,3.0,20.0
679,18.9226482,72.8353243,48.61,10.01,3.0,20.0
680,18.9226491,72.8353254,48.51,9.91,3.0,20.0
681,18.9226500,72.8353265,48.37,10.05,3.0,20.0
682,18.9226509,72.8353276,48.27,9.92,3.0,20.0
683,18.9226519,72.8353287,48.34,10.03,3.0,20.0
684,18.9226528,72.8353298,48.33,9.93,3.0,20.0
685,18.9226537,72.8353309,48.45,9.95,3.0,20.0
686,18.9226546,72.8353320,48.33,10.05,3.0,20.0
687,18.9226556,72.8353331,48.25,10.09,3.0,20.0
688,18.9226565,72.8353342,48.37,9.99,3.0,20.0
689,18.9226574,72.8353353,48.45,9.93,3.0,20.0
690,18.9226583,72.8353364,48.50,9.96,3.0,20.0
691,18.9226592,72.8353375,48.41,10.04,3.0,20.0
692,18.9226602,72.8353386,48.54,10.01,3.0,20.0
693,18.9226611,72.8353397,48.63,9.98,3.0,20.0
694,18.9226620,72.8353408,48.58,10.04,3.0,20.0
695,18.9226629,72.8353419,48.64,9.90,3.0,20.0
696,18.9226638,72.8353430,48.55,10.04,3.0,20.0
697,18.9226647,72.8353441,48.55,9.93,3.0,20.0
698,18.9226657,72.8353452,48.51,10.09,3.0,20.0
699,18.9226666,72.8353463,48.39,9.90,3.0,20.0
700,18.9226675,72.8353474,48.26,10.01,3.0,20.0
701,18.9226684,72.8353485,48.40,10.09,3.0,20.0
702,18.9226694,72.8353495,48.42,9.93,3.0,20.0
703,18.9226703,72.8353506,48.30,10.08,3.0,20.0
704,18.9226712,72.8353517,48.39,10.03,3.0,20.0
705,18.9226721,72.8353528,48.52,10.01,3.0,20.0
706,18.9226730,72.8353539,48.59,9.98,3.0,20.0
707,18.9226740,72.8353550,48.44,10.08,3.0,20.0
708,18.9226749,72.8353561,48.43,9.91,3.0,20.0
709,18.9226758,72.8353572,48.52,9.93,3.0,20.0
710,18.9226767,72.8353583,48.45,10.06,3.0,20.0
711,18.9226776,72.8353594,48.51,10.09,3.0,20.0
712,18.9226786,72.8353605,48.62,9.97,3.0,20.0
713,18.9226795,72.8353616,48.58,9.93,3.0,20.0
714,18.9226804,72.8353627,48.67,10.07,3.0,20.0
715,18.9226813,72.8353638,48.65,10.06,3.0,20.0
716,18.9226822,72.8353649,48.80,10.03,3.0,20.0
717,18.9226831,72.8353660,48.80,10.03,3.0,20.0
718,18.9226840,72.8353671,48.81,9.97,3.0,20.0
719,18.9226850,72.8353682,48.81,10.07,3.0,20.0
720,18.9226859,72.8353693,48.74,9.92,3.0,20.0
721,18.9226868,72.8353705,48.88,9.93,3.0,20.0
722,18.9226877,72.8353716,48.79,9.96,3.0,20.0
723,18.9226886,72.8353727,48.93,10.01,3.0,20.0
724,18.9226895,72.8353738,49.03,10.04,3.0,20.0
725,18.9226904,72.8353749,49.12,9.90,3.0,20.0
726,18.9226913,72.8353760,49.00,10.03,3.0,20.0
727,18.9226922,72.8353771,49.08,10.06,3.0,20.0
728,18.9226932,72.8353782,49.05,9.98,3.0,20.0
729,18.9226941,72.8353793,49.17,10.06,3.0,20.0
730,18.9226950,72.8353804,49.12,10.04,3.0,20.0
731,18.9226959,72.8353815,48.99,10.05,3.0,20.0
732,18.9226968,72.8353826,48.93,9.93,3.0,20.0
733,18.9226977,72.8353837,48.96,10.01,3.0,20.0
734,18.9226986,72.8353848,48.98,9.95,3.0,20.0
735,18.9226995,72.8353860,49.09,10.03,3.0,20.0
736,18.9227004,72.8353871,48.95,10.10,3.0,20.0
737,18.9227013,72.8353882,48.87,9.92,3.0,20.0
738,18.9227023,72.8353893,48.92,10.02,3.0,20.0
739,18.9227032,72.8353904,48.81,9.94,3.0,20.0
740,18.9227041,72.8353915,48.77,10.07,3.0,20.0
741,18.9227050,72.8353926,48.67,9.94,3.0,20.0
742,18.9227059,72.8353937,48.53,9.97,3.0,20.0
743,18.9227068,72.8353948,48.40,9.99,3.0,20.0
744,18.9227078,72.8353959,48.39,9.94,3.0,20.0
745,18.9227087,72.8353970,48.35,10.01,3.0,20.0
746,18.9227096,72.8353981,48.41,10.08,3.0,20.0
747,18.9227105,72.8353992,48.30,10.08,3.0,20.0
748,18.9227115,72.8354003,48.27,9.93,3.0,20.0
749,18.9227124,72.8354013,48.22,9.95,3.0,20.0
750,18.9227133,72.8354024,48.33,9.90,3.0,20.0
751,18.9227142,72.8354035,48.24,10.01,3.0,20.0
752,18.9227152,72.8354046,48.16,10.07,3.0,20.0
753,18.9227161,72.8354057,48.04,10.08,3.0,20.0
754,18.9227170,72.8354068,48.09,10.07,3.0,20.0
755,18.9227179,72.8354079,48.09,9.91,3.0,20.0
756,18.9227189,72.8354090,48.18,9.98,3.0,20.0
757,18.9227198,72.8354101,48.20,10.05,3.0,20.0
758,18.9227207,72.8354112,48.09,9.95,3.0,20.0
759,18.9227216,72.8354123,48.03,9.93,3.0,20.0
760,18.9227226,72.8354134,48.14,10.03,3.0,20.0
761,18.9227235,72.8354145,48.09,10.05,3.0,20.0
762,18.9227244,72.8354155,48.17,9.96,3.0,20.0
763,18.9227253,72.8354166,48.25,10.05,3.0,20.0
764,18.9227263,72.8354177,48.33,10.06,3.0,20.0
765,18.9227272,72.8354188,48.19,9.98,3.0,20.0
766,18.9227281,72.8354199,48.17,9.99,3.0,20.0
767,18.9227290,72.8354210,48.31,10.02,3.0,20.0
768,18.9227300,72.8354221,48.43,9.98,3.0,20.0
769,18.9227309,72.8354232,48.41,9.96,3.0,20.0
770,18.9227318,72.8354243,48.45,10.06,3.0,20.0
771,18.9227327,72.8354254,48.51,9.90,3.0,20.0
772,18.9227336,72.8354265,48.47,9.90,3.0,20.0
773,18.9227346,72.8354276,48.40,9.94,3.0,20.0
774,18.9227355,72.8354287,48.32,9.93,3.0,20.0
775,18.9227364,72.8354298,48.23,10.09,3.0,20.0
776,18.9227373,72.8354309,48.09,10.06,3.0,20.0
777,18.9227383,72.8354320,48.19,10.06,3.0,20.0
778,18.9227392,72.8354331,48.08,10.08,3.0,20.0
779,18.9227401,72.8354342,48.23,10.06,3.0,20.0
780,18.9227410,72.8354353,48.36,9.96,3.0,20.0
781,18.9227419,72.8354364,48.44,9.99,3.0,20.0
782,18.9227429,72.8354375,48.30,10.01,3.0,20.0
783,18.9227438,72.8354385,48.18,10.08,3.0,20.0
784,18.9227447,72.8354396,48.25,10.00,3.0,20.0
785,18.9227456,72.8354407,48.36,10.08,3.0,20.0
786,18.9227466,72.8354418,48.29,10.02,3.0,20.0
787,18.9227475,72.8354429,48.37,9.91,3.0,20.0
788,18.9227484,72.8354440,48.29,10.09,3.0,20.0
789,18.9227493,72.8354451,48.28,10.09,3.0,20.0
790,18.9227503,72.8354462,48.28,10.08,3.0,20.0
791,18.9227512,72.8354473,48.41,10.04,3.0,20.0
792,18.9227521,72.8354484,48.51,10.07,3.0,20.0
793,18.9227530,72.8354495,48.52,9.96,3.0,20.0
794,18.9227539,72.8354506,48.60,10.08,3.0,20.0
795,18.9227548,72.8354517,48.70,10.02,3.0,20.0
796,18.9227558,72.8354528,48.65,10.05,3.0,20.0
797,18.9227567,72.8354539,48.54,9.93,3.0,20.0
798,18.9227576,72.8354550,48.60,9.95,3.0,20.0
799,18.9227585,72.8354561,48.68,10.05,3.0,20.0
800,18.9227594,72.8354572,48.62,10.10,3.0,20.0
801,18.9227604,72.8354583,48.54,9.99,3.0,20.0
802,18.9227613,72.8354594,48.60,9.91,3.0,20.0
803,18.9227622,72.8354605,48.59,10.01,3.0,20.0
804,18.9227631,72.8354616,48.71,10.08,3.0,20.0
805,18.9227640,72.8354627,48.62,9.95,3.0,20.0
806,18.9227649,72.8354638,48.57,9.95,3.0,20.0
807,18.9227659,72.8354649,48.44,10.02,3.0,20.0
808,18.9227668,72.8354660,48.50,9.91,3.0,20.0
809,18.9227677,72.8354671,48.63,10.03,3.0,20.0
810,18.9227686,72.8354682,48.68,9.98,3.0,20.0
811,18.9227695,72.8354693,48.79,10.06,3.0,20.0
812,18.9227704,72.8354704,48.76,10.01,3.0,20.0
813,18.9227713,72.8354715,48.88,10.02,3.0,20.0
814,18.9227723,72.8354726,48.75,9.91,3.0,20.0
815,18.9227732,72.8354737,48.85,10.04,3.0,20.0
816,18.9227741,72.8354748,48.84,10.01,3.0,20.0
817,18.9227750,72.8354759,48.83,9.91,3.0,20.0
818,18.9227759,72.8354770,48.88,9.91,3.0,20.0
819,18.9227768,72.8354781,48.80,10.00,3.0,20.0
820,18.9227777,72.8354792,48.78,10.03,3.0,20.0
821,18.9227787,72.8354804,48.87,9.99,3.0,20.0
822,18.9227796,72.8354815,48.88,10.01,3.0,20.0
823,18.9227805,72.8354826,48.93,9.95,3.0,20.0
824,18.9227814,72.8354837,48.88,10.07,3.0,20.0
825,18.9227823,72.8354848,48.84,10.01,3.0,20.0
826,18.9227832,72.8354859,48.95,10.02,3.0,20.0
827,18.9227841,72.8354870,49.07,10.00,3.0,20.0
828,18.9227850,72.8354881,49.01,10.00,3.0,20.0
829,18.9227859,72.8354892,48.99,10.02,3.0,20.0
830,18.9227869,72.8354903,49.12,10.07,3.0,20.0
831,18.9227878,72.8354914,49.10,9.96,3.0,20.0
832,18.9227887,72.8354925,48.97,9.92,3.0,20.0
833,18.9227896,72.8354936,49.07,10.00,3.0,20.0
834,18.9227905,72.8354947,49.12,10.10,3.0,20.0
835,18.9227914,72.8354959,49.15,10.07,3.0,20.0
836,18.9227923,72.8354970,49.13,9.94,3.0,20.0
837,18.9227932,72.8354981,49.20,9.98,3.0,20.0
838,18.9227941,72.8354992,49.10,10.07,3.0,20.0
839,18.9227950,72.8355003,49.23,9.95,3.0,20.0
840,18.9227959,72.8355014,49.29,10.04,3.0,20.0
841,18.9227968,72.8355025,49.26,9.98,3.0,20.0
842,18.9227977,72.8355036,49.38,9.91,3.0,20.0
843,18.9227986,72.8355047,49.31,10.01,3.0,20.0
844,18.9227996,72.8355058,49.23,10.06,3.0,20.0
845,18.9228005,72.8355070,49.36,9.98,3.0,20.0
846,18.9228014,72.8355081,49.36,10.09,3.0,20.0
847,18.9228023,72.8355092,49.40,10.03,3.0,20.0
848,18.9228032,72.8355103,49.38,10.03,3.0,20.0
849,18.9228041,72.8355114,49.35,10.05,3.0,20.0
850,18.9228050,72.8355125,49.24,10.08,3.0,20.0
851,18.9228059,72.8355136,49.27,10.09,3.0,20.0
852,18.9228068,72.8355147,49.27,10.05,3.0,20.0
853,18.9228077,72.8355159,49.23,10.09,3.0,20.0
854,18.9228086,72.8355170,49.13,9.95,3.0,20.0
855,18.9228095,72.8355181,49.27,9.93,3.0,20.0
856,18.9228104,72.8355192,49.16,10.06,3.0,20.0
857,18.9228113,72.8355203,49.26,10.04,3.0,20.0
858,18.9228122,72.8355214,49.19,9.95,3.0,20.0
859,18.9228131,72.8355225,49.25,10.08,3.0,20.0
860,18.9228140,72.8355236,49.13,9.99,3.0,20.0
861,18.9228149,72.8355247,49.00,10.09,3.0,20.0
862,18.9228159,72.8355258,48.87,10.07,3.0,20.0
863,18.9228168,72.8355269,48.92,9.94,3.0,20.0
864,18.9228177,72.8355281,48.90,10.06,3.0,20.0
865,18.9228186,72.8355292,48.88,9.91,3.0,20.0
866,18.9228195,72.8355303,48.97,9.98,3.0,20.0
867,18.9228204,72.8355314,48.85,9.90,3.0,20.0
868,18.9228213,72.8355325,48.86,10.02,3.0,20.0
869,18.9228222,72.8355336,48.80,10.06,3.0,20.0
870,18.9228232,72.8355347,48.85,10.02,3.0,20.0
871,18.9228241,72.8355358,48.80,10.09,3.0,20.0
872,18.9228250,72.8355369,48.91,10.00,3.0,20.0
873,18.9228259,72.8355380,48.84,10.05,3.0,20.0
874,18.9228268,72.8355391,48.90,9.94,3.0,20.0
875,18.9228277,72.8355402,48.99,9.92,3.0,20.0
876,18.9228286,72.8355413,49.02,9.98,3.0,20.0
877,18.9228295,72.8355424,49.13,10.04,3.0,20.0
878,18.9228304,72.8355435,49.24,10.06,3.0,20.0
879,18.9228313,72.8355446,49.21,10.02,3.0,20.0
880,18.9228323,72.8355458,49.12,10.01,3.0,20.0
881,18.9228332,72.8355469,49.04,10.05,3.0,20.0
882,18.9228341,72.8355480,48.92,9.92,3.0,20.0
883,18.9228350,72.8355491,49.03,9.96,3.0,20.0
884,18.9228359,72.8355502,48.90,9.92,3.0,20.0
885,18.9228368,72.8355513,48.97,10.09,3.0,20.0
886,18.9228377,72.8355524,48.94,10.04,3.0,20.0
887,18.9228386,72.8355535,49.06,9.92,3.0,20.0
888,18.9228395,72.8355546,49.08,10.08,3.0,20.0
889,18.9228404,72.8355557,49.18,9.95,3.0,20.0
890,18.9228414,72.8355568,49.15,9.95,3.0,20.0
891,18.9228423,72.8355579,49.18,9.96,3.0,20.0
892,18.9228432,72.8355590,49.31,10.05,3.0,20.0
893,18.9228441,72.8355602,49.17,10.02,3.0,20.0
894,18.9228450,72.8355613,49.21,10.04,3.0,20.0
895,18.9228459,72.8355624,49.19,10.07,3.0,20.0
896,18.9228468,72.8355635,49.17,9.97,3.0,20.0
897,18.9228477,72.8355646,49.02,9.90,3.0,20.0
898,18.9228486,72.8355657,49.03,10.02,3.0,20.0
899,18.9228495,72.8355668,49.04,10.08,3.0,20.0
900,18.9228504,72.8355679,48.92,9.98,3.0,20.0
901,18.9228513,72.8355690,48.89,10.08,3.0,20.0
902,18.9228523,72.8355701,48.90,9.92,3.0,20.0
903,18.9228532,72.8355712,48.96,9.94,3.0,20.0
904,18.9228541,72.8355723,48.84,10.10,3.0,20.0
905,18.9228550,72.8355734,48.77,9.92,3.0,20.0
906,18.9228559,72.8355745,48.87,9.97,3.0,20.0
907,18.9228568,72.8355756,48.86,10.06,3.0,20.0
908,18.9228577,72.8355768,48.93,10.09,3.0,20.0
909,18.9228586,72.8355779,49.06,10.07,3.0,20.0
910,18.9228596,72.8355790,48.98,10.04,3.0,20.0
911,18.9228605,72.8355801,48.85,9.95,3.0,20.0
912,18.9228614,72.8355812,48.82,10.05,3.0,20.0
913,18.9228623,72.8355823,48.67,9.94,3.0,20.0
914,18.9228632,72.8355834,48.78,9.91,3.0,20.0
915,18.9228641,72.8355845,48.84,9.93,3.0,20.0
916,18.9228650,72.8355856,48.96,10.01,3.0,20.0
917,18.9228659,72.8355867,49.04,9.94,3.0,20.0
918,18.9228669,72.8355878,49.07,10.08,3.0,20.0
919,18.9228678,72.8355889,49.01,10.05,3.0,20.0
920,18.9228687,72.8355900,49.12,9.93,3.0,20.0
921,18.9228696,72.8355911,49.26,10.02,3.0,20.0
922,18.9228705,72.8355922,49.17,10.07,3.0,20.0
923,18.9228714,72.8355934,49.13,10.10,3.0,20.0
924,18.9228723,72.8355945,49.12,9.96,3.0,20.0
925,18.9228732,72.8355956,49.07,9.99,3.0,20.0
926,18.9228741,72.8355967,49.13,10.10,3.0,20.0
927,18.9228750,72.8355978,49.09,9.95,3.0,20.0
928,18.9228759,72.8355989,49.03,10.07,3.0,20.0
929,18.9228768,72.8356000,48.94,9.99,3.0,20.0
930,18.9228778,72.8356011,48.81,10.04,3.0,20.0
931,18.9228787,72.8356022,48.86,10.04,3.0,20.0
932,18.9228796,72.8356033,48.75,9.98,3.0,20.0
933,18.9228805,72.8356044,48.66,10.09,3.0,20.0
934,18.9228814,72.8356055,48.70,10.07,3.0,20.0
935,18.9228823,72.8356066,48.82,9.90,3.0,20.0
936,18.9228832,72.8356077,48.92,9.96,3.0,20.0
937,18.9228842,72.8356088,48.78,10.05,3.0,20.0
938,18.9228851,72.8356099,48.91,9.92,3.0,20.0
939,18.9228860,72.8356110,49.03,10.08,3.0,20.0
940,18.9228869,72.8356121,48.91,9.96,3.0,20.0
941,18.9228878,72.8356133,48.92,10.03,3.0,20.0
942,18.9228887,72.8356144,48.84,9.97,3.0,20.0
943,18.9228896,72.8356155,48.69,10.04,3.0,20.0
944,18.9228905,72.8356166,48.62,9.96,3.0,20.0
945,18.9228915,72.8356177,48.71,9.98,3.0,20.0
946,18.9228924,72.8356188,48.59,9.93,3.0,20.0
947,18.9228933,72.8356199,48.55,9.98,3.0,20.0
948,18.9228942,72.8356210,48.60,9.99,3.0,20.0
949,18.9228951,72.8356221,48.45,9.97,3.0,20.0
950,18.9228961,72.8356232,48.54,10.07,3.0,20.0
951,18.9228970,72.8356243,48.55,10.07,3.0,20.0
952,18.9228979,72.8356254,48.41,9.94,3.0,20.0
953,18.9228988,72.8356264,48.47,10.06,3.0,20.0
954,18.9228997,72.8356275,48.39,9.92,3.0,20.0
955,18.9229007,72.8356286,48.32,9.91,3.0,20.0
956,18.9229016,72.8356297,48.26,10.01,3.0,20.0
957,18.9229025,72.8356308,48.17,9.98,3.0,20.0
958,18.9229034,72.8356319,48.17,10.02,3.0,20.0
959,18.9229044,72.8356330,48.03,9.95,3.0,20.0
960,18.9229053,72.8356341,48.08,10.03,3.0,20.0
961,18.9229062,72.8356352,48.12,9.94,3.0,20.0
962,18.9229071,72.8356363,48.02,9.92,3.0,20.0
963,18.9229081,72.8356374,47.95,10.09,3.0,20.0
964,18.9229090,72.8356385,47.82,9.95,3.0,20.0
965,18.9229099,72.8356395,47.88,9.98,3.0,20.0
966,18.9229109,72.8356406,47.80,9.94,3.0,20.0
967,18.9229118,72.8356417,47.76,10.06,3.0,20.0
968,18.9229127,72.8356428,47.81,10.09,3.0,20.0
969,18.9229137,72.8356439,47.90,10.08,3.0,20.0
970,18.9229146,72.8356450,47.75,10.06,3.0,20.0
971,18.9229155,72.8356461,47.88,9.95,3.0,20.0
972,18.9229165,72.8356472,47.76,9.98,3.0,20.0
973,18.9229174,72.8356482,47.66,9.92,3.0,20.0
974,18.9229183,72.8356493,47.79,10.08,3.0,20.0
975,18.9229193,72.8356504,47.68,9.96,3.0,20.0
976,18.9229202,72.8356515,47.70,9.96,3.0,20.0
977,18.9229211,72.8356526,47.71,10.03,3.0,20.0
978,18.9229221,72.8356537,47.59,9.91,3.0,20.0
979,18.9229230,72.8356547,47.53,10.08,3.0,20.0
980,18.9229239,72.8356558,47.40,10.09,3.0,20.0
981,18.9229249,72.8356569,47.49,10.01,3.0,20.0
982,18.9229258,72.8356580,47.34,9.97,3.0,20.0
983,18.9229268,72.8356591,47.27,9.98,3.0,20.0
984,18.9229277,72.8356601,47.16,10.03,3.0,20.0
985,18.9229286,72.8356612,47.11,9.96,3.0,20.0
986,18.9229296,72.8356623,47.06,10.07,3.0,20.0
987,18.9229305,72.8356634,47.04,10.05,3.0,20.0
988,18.9229315,72.8356644,46.96,9.90,3.0,20.0
989,18.9229324,72.8356655,47.05,10.03,3.0,20.0
990,18.9229334,72.8356666,47.05,10.09,3.0,20.0
991,18.9229343,72.8356677,47.01,10.01,3.0,20.0
992,18.9229353,72.8356687,47.10,10.01,3.0,20.0
993,18.9229362,72.8356698,47.19,9.97,3.0,20.0
994,18.9229371,72.8356709,47.26,9.99,3.0,20.0
995,18.9229381,72.8356720,47.36,10.00,3.0,20.0
996,18.9229390,72.8356730,47.27,10.07,3.0,20.0
997,18.9229400,72.8356741,47.40,10.04,3.0,20.0
998,18.9229409,72.8356752,47.32,9.95,3.0,20.0
999,18.9229418,72.8356763,47.20,10.01,3.0,20.0
1000,18.9229428,72.8356773,47.17,9.91,3.0,20.0
1001,18.9229437,72.8356784,47.18,9.96,3.0,20.0
1002,18.9229447,72.8356795,47.21,10.02,3.0,20.0
1003,18.9229456,72.8356806,47.26,10.01,3.0,20.0
1004,18.9229466,72.8356816,47.24,10.08,3.0,20.0
1005,18.9229475,72.8356827,47.20,9.99,3.0,20.0
1006,18.9229484,72.8356838,47.32,9.91,3.0,20.0
1007,18.9229494,72.8356849,47.25,10.02,3.0,20.0
1008,18.9229503,72.8356860,47.15,10.09,3.0,20.0
1009,18.9229513,72.8356870,47.25,10.04,3.0,20.0
1010,18.9229522,72.8356881,47.32,10.01,3.0,20.0
1011,18.9229532,72.8356892,47.19,10.03,3.0,20.0
1012,18.9229541,72.8356903,47.16,9.95,3.0,20.0
1013,18.9229550,72.8356913,47.06,9.96,3.0,20.0
1014,18.9229560,72.8356924,47.16,9.90,3.0,20.0
1015,18.9229569,72.8356935,47.17,9.96,3.0,20.0
1016,18.9229579,72.8356946,47.16,10.03,3.0,20.0
1017,18.9229588,72.8356956,47.29,10.00,3.0,20.0
1018,18.9229598,72.8356967,47.20,9.96,3.0,20.0
1019,18.9229607,72.8356978,47.32,10.05,3.0,20.0
1020,18.9229616,72.8356989,47.35,9.92,3.0,20.0
1021,18.9229626,72.8356999,47.20,10.00,3.0,20.0
1022,18.9229635,72.8357010,47.15,9.96,3.0,20.0
1023,18.9229645,72.8357021,47.24,10.04,3.0,20.0
