id,class_name,confidence_percent,latitude,longitude,length_m,width_m,estimated_height_m,area_m2,channel,ground_range_m,slant_range_m,depth_m,status,contrast_ratio,shadow_length_px,bbox_xmin,bbox_ymin,bbox_xmax,bbox_ymax,created_at
76dca2d0,container,96.7,18.922676,72.8350481,12.35,16.02,2.93,197.74,port,20.63,22.95,20.0,high_confidence,3.37,87.0,195.0,517.0,359.0,597.0,2026-08-26 19:11:48
2aad319b,container,93.6,18.9228011,72.835269,12.66,14.55,3.13,184.14,port,14.81,17.82,20.0,high_confidence,3.34,70.0,255.0,684.0,404.0,766.0,2026-08-26 19:11:48
36b2ccb6,container,90.0,18.922552,72.8345812,1.54,7.71,1.14,11.91,port,45.06,46.14,20.0,high_confidence,15.84,60.0,0.0,258.0,79.0,268.0,2026-08-26 19:11:48
baecdfab,pipe_cylinder,87.7,18.9224379,72.8348858,20.99,5.76,1.96,120.93,port,13.73,17.04,20.0,high_confidence,3.35,34.0,308.0,290.0,367.0,426.0,2026-08-26 19:11:48
18ee6b53,ghost_net,87.4,18.9225439,72.8345696,1.85,7.32,1.16,13.56,port,45.26,46.34,20.0,high_confidence,11.6,61.0,0.0,247.0,75.0,259.0,2026-08-26 19:11:48
239b8604,ghost_net,86.7,18.9225379,72.8345944,6.94,11.72,1.24,81.39,port,42.97,44.14,20.0,high_confidence,3.18,62.0,0.0,240.0,120.0,285.0,2026-08-26 19:11:48
34ceca51,container,83.9,18.9222593,72.8349119,10.65,13.18,7.37,140.39,starboard,2.48,10.21,20.0,high_confidence,2.9,74.0,549.0,248.0,684.0,317.0,2026-08-26 19:11:48
f6b6c356,generic_debris,82.8,18.9225247,72.8345661,1.7,7.91,1.01,13.43,port,43.96,45.07,20.0,high_confidence,2.69,51.0,10.0,237.0,91.0,248.0,2026-08-26 19:11:48
8e08a9b1,generic_debris,81.2,18.9225699,72.8345983,1.7,7.23,1.19,12.27,port,45.28,46.39,20.0,high_confidence,2.91,62.0,0.0,276.0,74.0,287.0,2026-08-26 19:11:48
0a296f0a,generic_debris,78.5,18.9225136,72.8345701,1.54,7.23,0.78,11.15,port,42.78,43.95,20.0,high_confidence,2.2,37.0,25.0,234.0,99.0,244.0,2026-08-26 19:11:48
a9c618ef,ghost_net,78.2,18.9226626,72.8354944,5.25,6.15,2.32,32.28,starboard,12.5,15.97,20.0,high_confidence,2.99,39.0,644.0,756.0,707.0,790.0,2026-08-26 19:11:48
2b063ed9,ghost_net,76.7,18.9225033,72.8345874,2.47,6.64,0.48,16.4,port,40.7,41.89,20.0,high_confidence,2.36,21.0,49.0,234.0,117.0,250.0,2026-08-26 19:11:48
980260ef,ghost_net,76.2,18.9225088,72.8345679,2.16,6.54,0.66,14.14,port,42.55,43.7,20.0,high_confidence,2.13,31.0,31.0,229.0,98.0,243.0,2026-08-26 19:11:48
f3415b55,generic_debris,75.4,18.9225418,72.8346346,1.54,5.86,0.28,9.04,port,40.39,41.6,20.0,high_confidence,2.07,12.0,56.0,280.0,116.0,290.0,2026-08-26 19:11:48
816d1e7b,pipe_cylinder,75.1,18.9227513,72.835421,1.39,4.88,9.98,6.78,port,0.0,0.39,20.0,high_confidence,2.28,35.0,483.0,774.0,533.0,783.0,2026-08-26 19:11:48
c6aa5940,generic_debris,74.8,18.9225368,72.8346315,1.54,5.57,0.31,8.59,port,40.21,41.46,20.0,high_confidence,2.05,13.0,59.0,276.0,116.0,286.0,2026-08-26 19:11:48
5e1749f2,generic_debris,72.1,18.9225139,72.8346444,1.85,3.61,0.05,6.69,port,37.42,38.72,20.0,high_confidence,2.01,2.0,97.0,270.0,134.0,282.0,2026-08-26 19:11:48
2ca20721,pipe_cylinder,72.0,18.9225747,72.834612,1.54,1.86,0.39,2.86,port,44.67,45.75,20.0,high_confidence,2.67,19.0,34.0,286.0,53.0,296.0,2026-08-26 19:11:48
42938840,generic_debris,71.4,18.9225073,72.8346386,1.85,3.61,0.05,6.69,port,37.3,38.62,20.0,high_confidence,2.17,1.0,98.0,263.0,135.0,275.0,2026-08-26 19:11:48
44a441e6,generic_debris,70.7,18.9224974,72.8346387,1.54,3.22,0.05,4.97,port,36.5,37.84,20.0,high_confidence,2.22,1.0,108.0,259.0,141.0,269.0,2026-08-26 19:11:48
a094aa3c,pipe_cylinder,70.5,18.9228529,72.8355414,1.39,3.42,9.94,4.75,port,0.0,1.03,20.0,high_confidence,1.83,2.0,484.0,884.0,519.0,893.0,2026-08-26 19:11:48
274f9610,generic_debris,69.8,18.9226242,72.8356644,1.7,1.66,0.05,2.82,starboard,27.63,29.35,20.0,high_confidence,2.29,1.0,804.0,835.0,821.0,846.0,2026-08-26 19:11:48
ae8d8ea1,generic_debris,69.7,18.9224344,72.8356738,1.7,1.37,0.09,2.32,starboard,44.0,45.12,20.0,high_confidence,2.21,4.0,967.0,749.0,981.0,760.0,2026-08-26 19:11:48
c1d1c356,generic_debris,69.6,18.9221015,72.8351895,1.7,1.46,0.05,2.49,starboard,35.39,36.77,20.0,high_confidence,2.08,1.0,881.0,335.0,896.0,346.0,2026-08-26 19:11:48
ce6eabdf,pipe_cylinder,69.6,18.9226252,72.8352747,1.39,2.83,10.09,3.93,port,0.0,4.83,20.0,high_confidence,1.58,9.0,448.0,639.0,477.0,648.0,2026-08-26 19:11:48
5d7b631d,generic_debris,69.5,18.922515,72.8348997,1.54,4.59,0.3,7.08,port,18.88,21.34,20.0,high_confidence,2.56,6.0,270.0,401.0,317.0,411.0,2026-08-26 19:11:48
fd3c3510,pipe_cylinder,69.4,18.922287,72.8349084,1.39,3.71,9.97,5.15,port,0.0,0.78,20.0,high_confidence,1.65,27.0,485.0,290.0,523.0,299.0,2026-08-26 19:11:48
7fe23b29,container,69.3,18.9226416,72.8359177,1.54,1.95,0.05,3.01,starboard,43.81,44.92,20.0,high_confidence,2.06,1.0,962.0,974.0,982.0,984.0,2026-08-26 19:11:48
59843877,generic_debris,69.3,18.9226296,72.8359674,1.7,1.37,0.05,2.32,starboard,48.28,49.32,20.0,high_confidence,1.89,1.0,1010.0,997.0,1024.0,1008.0,2026-08-26 19:11:48
d1dde515,generic_debris,69.1,18.9219507,72.8350287,1.54,1.46,0.05,2.26,starboard,35.78,37.16,20.0,high_confidence,2.0,1.0,885.0,179.0,900.0,189.0,2026-08-26 19:11:48
c2add8cb,generic_debris,69.1,18.92252,72.8355623,1.85,1.95,0.05,3.62,starboard,29.07,30.76,20.0,high_confidence,2.21,1.0,817.0,731.0,837.0,743.0,2026-08-26 19:11:48
df8d29b8,generic_debris,68.9,18.9227664,72.8358554,1.54,1.86,0.05,2.86,starboard,29.06,30.71,20.0,high_confidence,1.96,1.0,817.0,1004.0,836.0,1014.0,2026-08-26 19:11:48
5fc09025,generic_debris,68.7,18.9218866,72.8350108,1.54,1.56,0.05,2.41,starboard,39.6,40.82,20.0,high_confidence,2.3,1.0,922.0,136.0,938.0,146.0,2026-08-26 19:11:48
662baaa1,generic_debris,68.7,18.9222519,72.8355303,1.7,0.88,0.05,1.49,starboard,48.53,49.56,20.0,high_confidence,1.81,1.0,1015.0,577.0,1024.0,588.0,2026-08-26 19:11:48
e026fc1b,generic_debris,68.6,18.9224678,72.8354179,1.54,2.25,0.05,3.47,starboard,23.06,25.15,20.0,high_confidence,2.13,1.0,758.0,630.0,781.0,640.0,2026-08-26 19:11:48
ebd83bd3,generic_debris,68.5,18.9226097,72.835536,1.54,3.12,0.15,4.82,starboard,19.8,22.17,20.0,high_confidence,1.67,3.0,723.0,764.0,755.0,774.0,2026-08-26 19:11:48
aea69888,generic_debris,68.3,18.9226687,72.8358091,1.54,1.76,0.05,2.71,starboard,33.99,35.45,20.0,high_confidence,2.03,1.0,866.0,932.0,884.0,942.0,2026-08-26 19:11:48
6301b93f,generic_debris,68.2,18.9223206,72.8343469,1.54,1.76,0.05,2.71,port,43.97,45.12,20.0,high_confidence,1.96,1.0,41.0,39.0,59.0,49.0,2026-08-26 19:11:48
837c26d7,pipe_cylinder,68.2,18.9223669,72.8349961,1.39,3.03,9.96,4.2,starboard,0.0,1.51,20.0,high_confidence,1.56,2.0,512.0,373.0,543.0,382.0,2026-08-26 19:11:48
7b1eb985,generic_debris,68.2,18.9222835,72.8352454,1.54,1.66,0.05,2.56,starboard,24.99,26.9,20.0,high_confidence,1.85,1.0,779.0,451.0,796.0,461.0,2026-08-26 19:11:48
17f5279f,generic_debris,68.2,18.9223586,72.8354027,1.7,1.66,0.06,2.82,starboard,30.67,32.28,20.0,high_confidence,2.08,2.0,834.0,567.0,851.0,578.0,2026-08-26 19:11:48
50a18dee,generic_debris,68.2,18.9225503,72.8354469,1.54,1.86,0.1,2.86,starboard,18.43,20.95,20.0,high_confidence,1.98,2.0,717.0,688.0,736.0,698.0,2026-08-26 19:11:48
9786e4fd,generic_debris,68.1,18.9226771,72.8359275,1.54,1.66,0.05,2.56,starboard,41.55,42.72,20.0,high_confidence,1.87,1.0,941.0,999.0,958.0,1009.0,2026-08-26 19:11:48
6fa252f0,pipe_cylinder,68.0,18.9218682,72.8349327,2.01,1.76,0.05,3.53,starboard,35.25,36.62,20.0,high_confidence,1.86,1.0,878.0,87.0,896.0,100.0,2026-08-26 19:11:48
b02e944d,ghost_net,67.9,18.9226451,72.8346407,2.16,1.56,0.05,3.38,port,48.2,49.22,20.0,high_confidence,1.81,2.0,0.0,334.0,16.0,348.0,2026-08-26 19:11:48
0ac8ac9e,container,67.7,18.9220804,72.8350609,1.54,2.05,0.07,3.17,starboard,27.7,29.44,20.0,high_confidence,1.86,2.0,803.0,262.0,824.0,272.0,2026-08-26 19:11:48
aabbc54c,generic_debris,67.7,18.9222588,72.8352425,1.54,1.37,0.05,2.11,starboard,26.74,28.52,20.0,high_confidence,1.75,1.0,797.0,437.0,811.0,447.0,2026-08-26 19:11:48
46d5fa71,generic_debris,67.7,18.9222199,72.8354054,1.54,1.46,0.05,2.26,starboard,41.86,43.02,20.0,high_confidence,1.82,1.0,945.0,492.0,960.0,502.0,2026-08-26 19:11:48
949f8b14,generic_debris,67.7,18.9223797,72.8353888,1.7,1.76,0.07,2.98,starboard,27.97,29.69,20.0,high_confidence,1.75,2.0,807.0,571.0,825.0,582.0,2026-08-26 19:11:48
5118b1d0,generic_debris,67.7,18.9225272,72.8357454,1.54,1.66,0.05,2.56,starboard,41.33,42.53,20.0,high_confidence,1.82,1.0,939.0,830.0,956.0,840.0,2026-08-26 19:11:48
b3be1144,pipe_cylinder,67.7,18.922575,72.8358964,1.54,2.15,0.05,3.32,starboard,47.88,48.93,20.0,high_confidence,1.65,2.0,1002.0,932.0,1024.0,942.0,2026-08-26 19:11:48
1db3be78,generic_debris,67.7,18.9229522,72.8356601,1.54,3.91,9.94,6.03,port,0.0,4.1,20.0,high_confidence,2.59,22.0,450.0,991.0,490.0,1001.0,2026-08-26 19:11:48
09aa4c29,generic_debris,67.7,18.9226507,72.8359251,1.54,1.56,0.05,2.41,starboard,43.58,44.73,20.0,high_confidence,1.79,1.0,962.0,982.0,978.0,992.0,2026-08-26 19:11:48
a2ba69c3,pipe_cylinder,67.6,18.9225996,72.8356671,1.39,2.25,0.05,3.12,starboard,29.85,31.49,20.0,high_confidence,1.71,1.0,823.0,826.0,846.0,835.0,2026-08-26 19:11:48
edefd9d7,generic_debris,67.6,18.9222216,72.8354797,1.54,2.05,0.05,3.17,starboard,47.25,48.29,20.0,high_confidence,1.8,1.0,996.0,535.0,1017.0,545.0,2026-08-26 19:11:48
ba6a36ce,container,67.5,18.9225026,72.8347613,1.54,1.66,0.05,2.56,port,27.98,29.74,20.0,high_confidence,1.82,1.0,199.0,325.0,216.0,335.0,2026-08-26 19:11:48
33298fb3,generic_debris,67.5,18.9222341,72.8354805,1.7,1.37,0.05,2.32,starboard,46.31,47.36,20.0,high_confidence,1.9,1.0,990.0,541.0,1004.0,552.0,2026-08-26 19:11:48
eb0f85b8,generic_debris,67.4,18.9221938,72.8344885,1.7,1.86,0.08,3.15,port,23.46,25.54,20.0,high_confidence,1.88,2.0,241.0,41.0,260.0,52.0,2026-08-26 19:11:48
04a1f7df,generic_debris,67.4,18.9223414,72.8344024,1.7,1.95,0.09,3.32,port,41.39,42.58,20.0,high_confidence,2.02,4.0,66.0,74.0,86.0,85.0,2026-08-26 19:11:48
78d7dd9f,generic_debris,67.4,18.9226126,72.8349118,1.7,1.56,0.11,2.65,port,25.69,27.54,20.0,high_confidence,1.8,3.0,222.0,455.0,238.0,466.0,2026-08-26 19:11:48
e8ae0c9b,generic_debris,67.4,18.9219253,72.8350772,1.54,1.37,0.05,2.11,starboard,41.37,42.58,20.0,high_confidence,1.79,1.0,941.0,191.0,955.0,201.0,2026-08-26 19:11:48
7a8330a8,generic_debris,67.4,18.9217476,72.8348999,1.54,1.66,0.05,2.56,starboard,42.16,43.31,20.0,high_confidence,1.73,1.0,947.0,7.0,964.0,17.0,2026-08-26 19:11:48
167b5dd2,pipe_cylinder,67.4,18.9225974,72.835244,1.39,4.0,9.91,5.56,port,0.0,0.83,20.0,high_confidence,1.64,10.0,483.0,610.0,524.0,619.0,2026-08-26 19:11:48
aff63d4b,container,67.4,18.9225387,72.8356313,1.54,1.56,0.05,2.41,starboard,32.36,33.89,20.0,high_confidence,1.63,1.0,851.0,778.0,867.0,788.0,2026-08-26 19:11:48
53c3c4f7,generic_debris,67.4,18.9227514,72.8357886,1.54,1.95,0.11,3.01,starboard,25.68,27.54,20.0,high_confidence,2.05,3.0,784.0,961.0,804.0,971.0,2026-08-26 19:11:48
9b402523,generic_debris,67.3,18.9221324,72.834472,1.54,1.95,0.14,3.01,port,19.93,22.27,20.0,high_confidence,1.82,3.0,274.0,0.0,294.0,10.0,2026-08-26 19:11:48
f1f93604,generic_debris,67.3,18.9231542,72.8353605,1.7,1.27,0.05,2.16,port,37.72,39.01,20.0,high_confidence,1.56,1.0,106.0,935.0,119.0,946.0,2026-08-26 19:11:48
b00966be,generic_debris,67.3,18.9223,72.8353797,1.7,1.46,0.11,2.49,starboard,33.65,35.11,20.0,high_confidence,1.91,4.0,864.0,525.0,879.0,536.0,2026-08-26 19:11:48
7da7c423,generic_debris,67.2,18.9221158,72.8351385,1.7,1.66,0.06,2.82,starboard,30.51,32.08,20.0,high_confidence,1.77,2.0,832.0,314.0,849.0,325.0,2026-08-26 19:11:48
49d0b06f,generic_debris,67.2,18.9222375,72.8352987,1.54,1.37,0.05,2.11,starboard,32.58,34.08,20.0,high_confidence,1.8,1.0,854.0,454.0,868.0,464.0,2026-08-26 19:11:48
789e98e4,generic_debris,67.2,18.9224089,72.8356405,1.7,1.66,0.05,2.82,starboard,43.76,44.87,20.0,high_confidence,1.82,2.0,963.0,719.0,980.0,730.0,2026-08-26 19:11:48
1098607d,generic_debris,67.1,18.9220535,72.8352208,1.7,1.66,0.05,2.82,starboard,41.52,42.72,20.0,high_confidence,1.97,1.0,941.0,325.0,958.0,336.0,2026-08-26 19:11:48
7d90952f,pipe_cylinder,67.1,18.9225374,72.8351787,1.39,3.22,10.01,4.48,port,0.0,1.22,20.0,high_confidence,1.54,3.0,483.0,548.0,516.0,557.0,2026-08-26 19:11:48
53a29fed,generic_debris,67.1,18.9227611,72.8356547,1.54,1.95,0.3,3.01,starboard,15.55,18.46,20.0,high_confidence,2.02,5.0,691.0,897.0,711.0,907.0,2026-08-26 19:11:48
b176e44f,generic_debris,67.0,18.9223792,72.8346004,1.7,1.66,0.05,2.82,port,29.77,31.4,20.0,high_confidence,1.99,1.0,182.0,184.0,199.0,195.0,2026-08-26 19:11:48
4b76ac13,generic_debris,67.0,18.9224601,72.8346337,1.54,1.86,0.05,2.86,port,33.86,35.3,20.0,high_confidence,1.73,1.0,141.0,239.0,160.0,249.0,2026-08-26 19:11:48
eccdc61f,generic_debris,67.0,18.9223454,72.8353867,1.7,1.46,0.05,2.49,starboard,30.56,32.18,20.0,high_confidence,1.78,1.0,834.0,553.0,849.0,564.0,2026-08-26 19:11:48
360cd6e9,generic_debris,67.0,18.9223948,72.8355409,1.54,1.76,0.05,2.71,starboard,37.85,39.16,20.0,high_confidence,1.67,2.0,904.0,658.0,922.0,668.0,2026-08-26 19:11:48
2728d01e,generic_debris,67.0,18.9225261,72.8357097,1.54,2.25,0.1,3.47,starboard,38.92,40.19,20.0,high_confidence,1.76,4.0,912.0,811.0,935.0,821.0,2026-08-26 19:11:48
7eb4c7b2,generic_debris,67.0,18.9225589,72.8358165,1.7,1.66,0.05,2.82,starboard,43.66,44.78,20.0,high_confidence,1.74,1.0,962.0,883.0,979.0,894.0,2026-08-26 19:11:48
3c46f966,generic_debris,67.0,18.922422,72.8356978,1.7,1.56,0.05,2.65,starboard,46.71,47.75,20.0,high_confidence,1.74,1.0,993.0,755.0,1009.0,766.0,2026-08-26 19:11:48
b81cb0ed,container,66.9,18.9226592,72.8349387,1.54,1.66,0.07,2.56,port,27.38,29.15,20.0,high_confidence,1.77,2.0,205.0,495.0,222.0,505.0,2026-08-26 19:11:48
c48dadc3,generic_debris,66.9,18.9221758,72.8352114,1.54,1.46,0.09,2.26,starboard,31.01,32.57,20.0,high_confidence,1.74,3.0,838.0,382.0,853.0,392.0,2026-08-26 19:11:48
96ccbe95,generic_debris,66.9,18.9223596,72.8352804,1.54,1.95,0.05,3.01,starboard,21.6,23.83,20.0,high_confidence,1.8,1.0,746.0,505.0,766.0,515.0,2026-08-26 19:11:48
e60c300b,generic_debris,66.9,18.9222922,72.8354925,1.7,1.46,0.05,2.49,starboard,42.55,43.7,20.0,high_confidence,1.81,1.0,952.0,578.0,967.0,589.0,2026-08-26 19:11:48
28fc8248,container,66.9,18.9226618,72.8357982,1.54,1.56,0.05,2.41,starboard,33.8,35.25,20.0,high_confidence,1.63,1.0,865.0,924.0,881.0,934.0,2026-08-26 19:11:48
24fad39c,container,66.9,18.9226129,72.8359151,1.54,2.64,0.08,4.07,starboard,46.03,47.12,20.0,high_confidence,1.54,4.0,981.0,960.0,1008.0,970.0,2026-08-26 19:11:48
46d9a905,pipe_cylinder,66.8,18.9224252,72.8350589,1.39,2.34,9.92,3.26,starboard,0.0,1.56,20.0,high_confidence,1.67,8.0,516.0,433.0,540.0,442.0,2026-08-26 19:11:48
7bf79915,container,66.8,18.9224368,72.83543,1.54,1.86,0.05,2.86,starboard,26.43,28.27,20.0,high_confidence,1.64,1.0,792.0,621.0,811.0,631.0,2026-08-26 19:11:48
bc8fdff5,pipe_cylinder,66.8,18.9228438,72.8355304,1.39,3.03,10.04,4.2,starboard,0.0,2.0,20.0,high_confidence,1.51,2.0,517.0,874.0,548.0,883.0,2026-08-26 19:11:48
647117ce,pipe_cylinder,66.8,18.9227421,72.8354101,1.54,3.32,10.1,5.12,starboard,0.0,5.57,20.0,high_confidence,1.66,9.0,552.0,763.0,586.0,773.0,2026-08-26 19:11:48
ea0e800d,generic_debris,66.8,18.9226469,72.8358545,1.7,1.56,0.05,2.65,starboard,38.96,40.23,20.0,high_confidence,1.64,1.0,916.0,944.0,932.0,955.0,2026-08-26 19:11:48
93b302bd,generic_debris,66.7,18.9227501,72.8348463,1.54,1.56,0.05,2.41,port,41.4,42.58,20.0,high_confidence,1.84,1.0,68.0,497.0,84.0,507.0,2026-08-26 19:11:48
bdc3a576,generic_debris,66.7,18.9219322,72.8350078,1.54,1.76,0.05,2.71,starboard,35.74,37.11,20.0,high_confidence,1.81,1.0,883.0,160.0,901.0,170.0,2026-08-26 19:11:48
3dc1f11c,generic_debris,66.7,18.9221137,72.8351772,1.7,1.76,0.11,2.98,starboard,33.51,34.96,20.0,high_confidence,1.92,4.0,861.0,335.0,879.0,346.0,2026-08-26 19:11:48
ad5d471e,container,66.7,18.9222045,72.8352872,1.54,1.56,0.05,2.41,starboard,34.33,35.74,20.0,high_confidence,1.61,1.0,870.0,431.0,886.0,441.0,2026-08-26 19:11:48
3aefd625,generic_debris,66.7,18.9225587,72.8357774,1.7,1.76,0.05,2.98,starboard,40.96,42.19,20.0,high_confidence,1.72,1.0,935.0,861.0,953.0,872.0,2026-08-26 19:11:48
c51d9807,container,66.7,18.9225786,72.8355272,1.54,2.15,0.09,3.32,starboard,21.77,23.93,20.0,high_confidence,1.58,2.0,746.0,744.0,768.0,754.0,2026-08-26 19:11:48
17de850b,container,66.7,18.9225492,72.8356169,1.54,1.86,0.19,2.86,starboard,30.48,32.08,20.0,high_confidence,1.73,6.0,831.0,776.0,850.0,786.0,2026-08-26 19:11:48
c1b7c364,generic_debris,66.7,18.9223111,72.8353768,1.54,1.56,0.05,2.41,starboard,32.57,34.08,20.0,high_confidence,1.74,1.0,853.0,529.0,869.0,539.0,2026-08-26 19:11:48
001c4f4e,generic_debris,66.6,18.922197,72.8344951,1.54,1.76,0.13,2.71,port,23.21,25.29,20.0,high_confidence,1.88,3.0,244.0,46.0,262.0,56.0,2026-08-26 19:11:48
5514af8b,generic_debris,66.6,18.922761,72.8347922,1.7,1.17,0.05,1.99,port,46.3,47.36,20.0,high_confidence,1.82,1.0,21.0,471.0,33.0,482.0,2026-08-26 19:11:48
0cbf2d8d,generic_debris,66.6,18.9218058,72.8349244,1.7,1.56,0.05,2.65,starboard,39.49,40.72,20.0,high_confidence,1.72,1.0,921.0,48.0,937.0,59.0,2026-08-26 19:11:48
c5335cac,generic_debris,66.6,18.9222325,72.8354129,1.54,1.46,0.05,2.26,starboard,41.44,42.63,20.0,high_confidence,1.83,1.0,941.0,503.0,956.0,513.0,2026-08-26 19:11:48
4055264f,container,66.6,18.9223844,72.8353469,1.54,1.66,0.05,2.56,starboard,24.53,26.51,20.0,high_confidence,1.69,1.0,775.0,553.0,792.0,563.0,2026-08-26 19:11:48
f38ddb14,generic_debris,66.6,18.9222622,72.8355414,1.7,0.88,0.05,1.49,starboard,48.53,49.56,20.0,high_confidence,1.71,1.0,1015.0,586.0,1024.0,597.0,2026-08-26 19:11:48
5e32dce9,generic_debris,66.6,18.9223788,72.8354538,1.7,1.86,0.05,3.15,starboard,32.81,34.33,20.0,high_confidence,1.67,1.0,854.0,602.0,873.0,613.0,2026-08-26 19:11:48
dcfc2f3f,generic_debris,66.5,18.9225679,72.8348555,1.54,1.56,0.05,2.41,port,26.32,28.12,20.0,high_confidence,1.67,1.0,216.0,406.0,232.0,416.0,2026-08-26 19:11:48
ccd5bacc,generic_debris,66.5,18.9218815,72.8350614,1.85,1.56,0.05,2.89,starboard,43.71,44.82,20.0,high_confidence,1.79,2.0,963.0,160.0,979.0,172.0,2026-08-26 19:11:48
70dda2d9,generic_debris,66.5,18.922408,72.8354689,1.54,1.56,0.05,2.41,starboard,31.57,33.11,20.0,high_confidence,1.81,1.0,843.0,625.0,859.0,635.0,2026-08-26 19:11:48
ed32d80a,generic_debris,66.5,18.9226047,72.8357337,1.54,1.76,0.05,2.71,starboard,34.08,35.55,20.0,high_confidence,1.85,1.0,867.0,861.0,885.0,871.0,2026-08-26 19:11:48
d8ba148c,generic_debris,66.5,18.9225792,72.8358355,1.7,1.95,0.07,3.32,starboard,43.29,44.43,20.0,high_confidence,1.66,3.0,957.0,903.0,977.0,914.0,2026-08-26 19:11:48
343a672a,generic_debris,66.5,18.9226919,72.8358855,1.54,1.86,0.08,2.86,starboard,37.39,38.72,20.0,high_confidence,1.64,3.0,899.0,981.0,918.0,991.0,2026-08-26 19:11:48
83a0c58c,generic_debris,66.5,18.9226425,72.8359764,1.54,1.95,0.06,3.01,starboard,47.81,48.83,20.0,high_confidence,1.66,3.0,1002.0,1008.0,1022.0,1018.0,2026-08-26 19:11:48
a7e641e5,generic_debris,66.4,18.9223756,72.834435,1.7,1.66,0.05,2.82,port,41.66,42.82,20.0,high_confidence,1.71,2.0,65.0,106.0,82.0,117.0,2026-08-26 19:11:48
b6aa544f,generic_debris,66.4,18.9224391,72.8346353,1.54,1.86,0.05,2.86,port,32.04,33.54,20.0,high_confidence,1.64,1.0,159.0,230.0,178.0,240.0,2026-08-26 19:11:48
e581347f,generic_debris,66.4,18.9225306,72.8346714,1.54,1.86,0.05,2.86,port,36.81,38.13,20.0,high_confidence,1.74,2.0,112.0,293.0,131.0,303.0,2026-08-26 19:11:48
483b075e,generic_debris,66.4,18.9228008,72.8348092,0.93,1.27,0.05,1.18,port,48.14,49.17,20.0,high_confidence,1.84,2.0,2.0,506.0,15.0,512.0,2026-08-26 19:11:48
8b8f0ea5,pipe_cylinder,66.4,18.9223989,72.8350307,1.39,3.61,9.91,5.02,port,0.0,1.61,20.0,high_confidence,2.11,8.0,477.0,406.0,514.0,415.0,2026-08-26 19:11:48
86469c64,generic_debris,66.4,18.9224052,72.8357024,1.54,1.07,0.05,1.66,starboard,48.43,49.46,20.0,high_confidence,1.56,1.0,1013.0,750.0,1024.0,760.0,2026-08-26 19:11:48
f800195f,generic_debris,66.4,18.9227033,72.8358855,1.7,1.76,0.05,2.98,starboard,36.44,37.79,20.0,high_confidence,1.8,1.0,890.0,987.0,908.0,998.0,2026-08-26 19:11:48
fef4bcc2,container,66.3,18.9222858,72.8343828,1.54,1.76,0.05,2.71,port,38.55,39.84,20.0,high_confidence,1.53,1.0,95.0,38.0,113.0,48.0,2026-08-26 19:11:48
1f0ccc4a,generic_debris,66.3,18.9223553,72.8345859,1.54,1.66,0.13,2.56,port,28.93,30.62,20.0,high_confidence,1.66,4.0,190.0,165.0,207.0,175.0,2026-08-26 19:11:48
1367d4fd,generic_debris,66.3,18.9225528,72.8347147,1.54,1.56,0.05,2.41,port,35.4,36.82,20.0,high_confidence,1.73,1.0,127.0,327.0,143.0,337.0,2026-08-26 19:11:48
06ea1aa4,container,66.3,18.9221156,72.8352593,1.54,1.46,0.05,2.26,starboard,39.33,40.58,20.0,high_confidence,1.58,1.0,920.0,376.0,935.0,386.0,2026-08-26 19:11:48
d6b0a3ad,generic_debris,66.3,18.9219994,72.8351542,1.54,1.76,0.05,2.71,starboard,40.98,42.19,20.0,high_confidence,1.66,2.0,935.0,269.0,953.0,279.0,2026-08-26 19:11:48
e98688b1,generic_debris,66.3,18.9225776,72.8357088,1.7,1.46,0.05,2.49,starboard,34.6,35.99,20.0,high_confidence,1.8,1.0,873.0,835.0,888.0,846.0,2026-08-26 19:11:48
66102e0a,generic_debris,66.3,18.9223131,72.835566,1.54,2.05,0.05,3.17,starboard,46.26,47.31,20.0,high_confidence,1.54,2.0,986.0,626.0,1007.0,636.0,2026-08-26 19:11:48
8c16e4b7,generic_debris,66.3,18.9225447,72.8356882,1.54,1.46,0.05,2.26,starboard,35.88,37.26,20.0,high_confidence,1.64,1.0,886.0,809.0,901.0,819.0,2026-08-26 19:11:48
861ddfe3,generic_debris,66.2,18.9221286,72.8353665,1.7,1.37,0.05,2.32,starboard,46.21,47.27,20.0,high_confidence,1.59,1.0,989.0,431.0,1003.0,442.0,2026-08-26 19:11:48
8702473c,generic_debris,66.2,18.922724,72.8356392,1.54,2.25,0.27,3.47,starboard,17.56,20.17,20.0,high_confidence,1.56,5.0,707.0,872.0,730.0,882.0,2026-08-26 19:11:48
87d30aeb,pipe_cylinder,66.2,18.9225974,72.835244,1.39,2.25,9.91,3.12,starboard,0.0,1.12,20.0,high_confidence,1.58,7.0,512.0,610.0,535.0,619.0,2026-08-26 19:11:48
531d46f6,container,66.2,18.9223145,72.8355591,1.54,1.66,0.05,2.56,starboard,45.65,46.73,20.0,high_confidence,1.5,1.0,982.0,623.0,999.0,633.0,2026-08-26 19:11:48
b4e189c1,generic_debris,66.2,18.9224566,72.8354862,1.54,1.66,0.05,2.56,starboard,28.91,30.62,20.0,high_confidence,1.76,1.0,817.0,661.0,834.0,671.0,2026-08-26 19:11:48
ce7e4bf9,generic_debris,66.2,18.9226013,72.835861,1.54,1.95,0.05,3.01,starboard,43.22,44.34,20.0,high_confidence,1.57,1.0,956.0,927.0,976.0,937.0,2026-08-26 19:11:48
f4518de1,generic_debris,66.1,18.9223113,72.8343366,1.54,1.76,0.05,2.71,port,44.01,45.12,20.0,high_confidence,1.85,2.0,41.0,30.0,59.0,40.0,2026-08-26 19:11:48
a2c88ac1,generic_debris,66.1,18.9226963,72.8346984,1.54,1.76,0.05,2.71,port,48.1,49.12,20.0,high_confidence,1.66,2.0,0.0,394.0,18.0,404.0,2026-08-26 19:11:48
9419aae8,generic_debris,66.1,18.9225249,72.8349095,1.54,4.79,0.35,7.39,port,18.93,21.44,20.0,high_confidence,2.09,7.0,268.0,410.0,317.0,420.0,2026-08-26 19:11:48
29ba22ce,generic_debris,66.1,18.9227425,72.8348404,1.54,1.46,0.05,2.26,port,41.26,42.43,20.0,high_confidence,1.72,1.0,70.0,491.0,85.0,501.0,2026-08-26 19:11:48
36406375,generic_debris,66.1,18.9222853,72.8353774,1.54,1.46,0.05,2.26,starboard,34.65,36.08,20.0,high_confidence,1.72,1.0,874.0,515.0,889.0,525.0,2026-08-26 19:11:48
2b97e0a5,generic_debris,66.1,18.9225199,72.8357434,1.7,1.56,0.05,2.65,starboard,41.8,42.97,20.0,high_confidence,1.88,1.0,944.0,826.0,960.0,837.0,2026-08-26 19:11:48
809f3305,pipe_cylinder,66.1,18.9221807,72.8354105,1.54,2.34,0.05,3.62,starboard,45.31,46.39,20.0,high_confidence,1.63,2.0,975.0,478.0,999.0,488.0,2026-08-26 19:11:48
21db3bc2,ghost_net,66.1,18.9223433,72.8356281,2.16,1.37,0.05,2.95,starboard,48.28,49.32,20.0,high_confidence,1.72,2.0,1010.0,677.0,1024.0,691.0,2026-08-26 19:11:48
3ce0dc8f,pipe_cylinder,66.1,18.9223535,72.8353993,1.54,1.76,0.05,2.71,starboard,30.83,32.42,20.0,high_confidence,2.07,1.0,835.0,563.0,853.0,573.0,2026-08-26 19:11:48
acb6e337,generic_debris,66.1,18.9225722,72.8357048,1.54,1.66,0.05,2.56,starboard,34.77,36.18,20.0,high_confidence,1.79,1.0,874.0,831.0,891.0,841.0,2026-08-26 19:11:48
77831d2a,generic_debris,66.0,18.9222204,72.8344277,1.7,1.86,0.05,3.15,port,30.09,31.69,20.0,high_confidence,1.8,1.0,178.0,26.0,197.0,37.0,2026-08-26 19:11:48
cab9f205,generic_debris,66.0,18.9222455,72.8344233,1.54,1.56,0.12,2.41,port,32.38,33.89,20.0,high_confidence,1.74,4.0,157.0,36.0,173.0,46.0,2026-08-26 19:11:48
4b2668f6,generic_debris,66.0,18.9221453,72.8352108,1.7,1.37,0.05,2.32,starboard,33.41,34.86,20.0,high_confidence,1.55,1.0,862.0,367.0,876.0,378.0,2026-08-26 19:11:48
3a561371,generic_debris,66.0,18.9218049,72.8349774,1.7,1.86,0.05,3.15,starboard,43.56,44.68,20.0,high_confidence,1.74,2.0,960.0,76.0,979.0,87.0,2026-08-26 19:11:48
d92f8e73,pipe_cylinder,66.0,18.9223463,72.8355145,1.54,1.86,0.05,2.86,starboard,39.85,41.06,20.0,high_confidence,1.75,1.0,923.0,617.0,942.0,627.0,2026-08-26 19:11:48
42af5b82,generic_debris,66.0,18.9225521,72.8356904,1.7,1.66,0.05,2.82,starboard,35.4,36.77,20.0,high_confidence,1.66,1.0,880.0,814.0,897.0,825.0,2026-08-26 19:11:48
6500c788,ghost_net,66.0,18.9232329,72.8353363,1.7,1.46,0.05,2.49,port,45.94,47.02,20.0,high_confidence,1.69,1.0,23.0,959.0,38.0,970.0,2026-08-26 19:11:48
110bcdf3,generic_debris,66.0,18.9223091,72.8355586,1.7,1.46,0.05,2.49,starboard,46.04,47.12,20.0,high_confidence,1.54,1.0,987.0,621.0,1002.0,632.0,2026-08-26 19:11:48
998e5965,generic_debris,65.9,18.9226462,72.8347601,1.54,1.56,0.05,2.41,port,39.57,40.82,20.0,high_confidence,1.91,2.0,86.0,400.0,102.0,410.0,2026-08-26 19:11:48
ab6072ae,generic_debris,65.9,18.9226931,72.8348418,1.7,1.56,0.05,2.65,port,37.25,38.57,20.0,high_confidence,1.62,1.0,109.0,462.0,125.0,473.0,2026-08-26 19:11:48
742a8b2c,generic_debris,65.9,18.922641,72.8349346,1.7,1.56,0.05,2.65,port,26.28,28.12,20.0,high_confidence,1.64,1.0,216.0,482.0,232.0,493.0,2026-08-26 19:11:48
af13f9f6,generic_debris,65.9,18.921754,72.8349657,1.54,1.46,0.05,2.26,starboard,46.63,47.71,20.0,high_confidence,1.57,1.0,993.0,41.0,1008.0,51.0,2026-08-26 19:11:48
71e1157c,generic_debris,65.9,18.9219382,72.8351887,1.54,1.07,0.05,1.66,starboard,48.43,49.46,20.0,high_confidence,1.68,1.0,1013.0,256.0,1024.0,266.0,2026-08-26 19:11:48
e5f88da0,generic_debris,65.9,18.9222161,72.8354639,1.7,1.37,0.05,2.32,starboard,46.51,47.56,20.0,high_confidence,1.74,1.0,992.0,524.0,1006.0,535.0,2026-08-26 19:11:48
100e93cc,generic_debris,65.9,18.9223763,72.8355846,1.54,1.95,0.05,3.01,starboard,42.49,43.65,20.0,high_confidence,1.53,1.0,949.0,674.0,969.0,684.0,2026-08-26 19:11:48
62be79c4,generic_debris,65.9,18.9225274,72.8357032,1.54,1.56,0.05,2.41,starboard,38.36,39.65,20.0,high_confidence,1.65,1.0,910.0,808.0,926.0,818.0,2026-08-26 19:11:48
d638a80b,pipe_cylinder,65.9,18.9226044,72.8359031,1.54,2.15,0.05,3.32,starboard,45.89,46.97,20.0,high_confidence,1.62,1.0,982.0,948.0,1004.0,958.0,2026-08-26 19:11:48
5ccba78e,generic_debris,65.9,18.9226849,72.83593,1.54,1.86,0.05,2.86,starboard,41.05,42.24,20.0,high_confidence,1.68,1.0,935.0,1004.0,954.0,1014.0,2026-08-26 19:11:48
2597b5aa,generic_debris,65.8,18.9225428,72.8357677,1.54,1.46,0.05,2.26,starboard,41.61,42.82,20.0,high_confidence,1.58,1.0,943.0,849.0,958.0,859.0,2026-08-26 19:11:48
644a8c79,generic_debris,65.8,18.9225932,72.8357719,1.7,1.46,0.05,2.49,starboard,37.69,39.01,20.0,high_confidence,1.64,1.0,904.0,878.0,919.0,889.0,2026-08-26 19:11:48
a304e466,generic_debris,65.7,18.922425,72.8344991,1.54,1.46,0.05,2.26,port,40.85,42.04,20.0,high_confidence,1.66,1.0,74.0,157.0,89.0,167.0,2026-08-26 19:11:48
e63a99e6,generic_debris,65.7,18.9226774,72.834767,1.7,1.66,0.05,2.82,port,41.53,42.72,20.0,high_confidence,1.72,1.0,66.0,418.0,83.0,429.0,2026-08-26 19:11:48
0cbd661b,generic_debris,65.7,18.9226976,72.8348951,1.7,1.46,0.06,2.49,port,33.65,35.11,20.0,high_confidence,1.72,2.0,145.0,494.0,160.0,505.0,2026-08-26 19:11:48
1defcb2c,generic_debris,65.7,18.9220291,72.8351653,1.54,1.46,0.05,2.26,starboard,39.4,40.67,20.0,high_confidence,1.76,1.0,921.0,287.0,936.0,297.0,2026-08-26 19:11:48
60a44499,generic_debris,65.7,18.92178,72.8350142,1.7,1.46,0.05,2.49,starboard,48.24,49.27,20.0,high_confidence,1.54,1.0,1009.0,82.0,1024.0,93.0,2026-08-26 19:11:48
96235fcb,generic_debris,65.7,18.9226068,72.835829,1.54,1.66,0.05,2.56,starboard,40.54,41.75,20.0,high_confidence,1.61,1.0,931.0,913.0,948.0,923.0,2026-08-26 19:11:48
954328a7,generic_debris,65.7,18.9223367,72.8356226,1.7,1.07,0.05,1.82,starboard,48.44,49.46,20.0,high_confidence,1.59,1.0,1013.0,674.0,1024.0,685.0,2026-08-26 19:11:48
33f68a12,generic_debris,65.7,18.9225473,72.8356425,1.54,1.66,0.05,2.56,starboard,32.44,33.94,20.0,high_confidence,1.69,1.0,851.0,787.0,868.0,797.0,2026-08-26 19:11:48
9baf5b1b,generic_debris,65.7,18.9226696,72.835882,1.7,1.86,0.05,3.15,starboard,39.0,40.28,20.0,high_confidence,1.73,1.0,915.0,969.0,934.0,980.0,2026-08-26 19:11:48
62c418e0,pipe_cylinder,65.7,18.9226132,72.8359098,1.54,2.25,0.05,3.47,starboard,45.63,46.73,20.0,high_confidence,1.58,1.0,979.0,957.0,1002.0,967.0,2026-08-26 19:11:48
975ccfcd,generic_debris,65.6,18.9224631,72.8347054,1.54,1.46,0.07,2.26,port,28.9,30.62,20.0,high_confidence,1.75,2.0,191.0,276.0,206.0,286.0,2026-08-26 19:11:48
37e12ff3,generic_debris,65.6,18.9226376,72.8346907,1.54,1.07,0.05,1.66,port,43.95,45.07,20.0,high_confidence,1.66,2.0,45.0,355.0,56.0,365.0,2026-08-26 19:11:48
96f65599,pipe_cylinder,65.6,18.9227832,72.8347915,1.54,1.76,0.05,2.71,port,48.09,49.12,20.0,high_confidence,1.69,1.0,0.0,488.0,18.0,498.0,2026-08-26 19:11:48
e23a5d01,generic_debris,65.6,18.9221751,72.8352889,1.54,1.66,0.05,2.56,starboard,36.79,38.13,20.0,high_confidence,1.62,1.0,894.0,417.0,911.0,427.0,2026-08-26 19:11:48
0cf958a2,generic_debris,65.6,18.9226121,72.8358414,1.54,1.66,0.05,2.56,starboard,40.95,42.14,20.0,high_confidence,1.62,1.0,935.0,923.0,952.0,933.0,2026-08-26 19:11:48
cd338dee,generic_debris,65.6,18.9223972,72.8355909,1.7,1.66,0.05,2.82,starboard,41.21,42.43,20.0,high_confidence,1.64,1.0,938.0,686.0,955.0,697.0,2026-08-26 19:11:48
c5661e00,generic_debris,65.6,18.9224261,72.835717,1.7,1.56,0.05,2.65,starboard,47.7,48.73,20.0,high_confidence,1.71,1.0,1003.0,769.0,1019.0,780.0,2026-08-26 19:11:48
426ea71a,generic_debris,65.6,18.9225372,72.8357045,1.54,1.86,0.05,2.86,starboard,37.63,38.92,20.0,high_confidence,1.71,1.0,901.0,814.0,920.0,824.0,2026-08-26 19:11:48
d6014c21,generic_debris,65.6,18.9227077,72.8358251,1.54,1.56,0.05,2.41,starboard,31.86,33.4,20.0,high_confidence,1.69,1.0,846.0,959.0,862.0,969.0,2026-08-26 19:11:48
902c833b,generic_debris,65.5,18.9223087,72.835385,1.54,1.66,0.05,2.56,starboard,33.35,34.81,20.0,high_confidence,1.61,1.0,860.0,532.0,877.0,542.0,2026-08-26 19:11:48
dd397320,ghost_net,65.5,18.9223525,72.8355139,1.7,1.86,0.05,3.15,starboard,39.3,40.58,20.0,high_confidence,1.75,1.0,918.0,620.0,937.0,631.0,2026-08-26 19:11:48
b4dba8e1,generic_debris,65.5,18.922371,72.8355751,1.7,1.46,0.05,2.49,starboard,42.25,43.41,20.0,high_confidence,1.74,1.0,949.0,665.0,964.0,676.0,2026-08-26 19:11:48
1a13731e,ghost_net,65.5,18.9225842,72.83582,1.85,1.76,0.05,3.26,starboard,41.8,42.97,20.0,high_confidence,1.86,2.0,943.0,896.0,961.0,908.0,2026-08-26 19:11:48
f4b757a1,generic_debris,65.5,18.9224244,72.8356671,1.54,1.46,0.05,2.26,starboard,44.36,45.46,20.0,high_confidence,1.68,1.0,970.0,739.0,985.0,749.0,2026-08-26 19:11:48
98a98472,pipe_cylinder,65.4,18.9222697,72.8343868,1.7,2.05,0.05,3.48,port,37.0,38.33,20.0,high_confidence,1.73,1.0,109.0,32.0,130.0,43.0,2026-08-26 19:11:48
7f575fa8,generic_debris,65.4,18.9227449,72.8348269,1.54,1.66,0.11,2.56,port,42.45,43.6,20.0,high_confidence,1.51,5.0,57.0,483.0,74.0,493.0,2026-08-26 19:11:48
49e02608,generic_debris,65.4,18.9218558,72.8350076,1.54,1.56,0.05,2.41,starboard,41.79,42.97,20.0,high_confidence,1.57,2.0,944.0,117.0,960.0,127.0,2026-08-26 19:11:48
9f17a40b,ghost_net,65.4,18.9222342,72.8352913,1.7,1.76,0.05,2.98,starboard,32.28,33.79,20.0,high_confidence,1.89,1.0,849.0,448.0,867.0,459.0,2026-08-26 19:11:48
f2a4216c,ghost_net,65.4,18.9222243,72.8354087,1.7,1.56,0.05,2.65,starboard,41.76,42.97,20.0,high_confidence,1.74,2.0,944.0,496.0,960.0,507.0,2026-08-26 19:11:48
52d3c973,generic_debris,65.4,18.9223682,72.8355699,1.85,0.98,0.05,1.81,starboard,42.11,43.26,20.0,high_confidence,1.6,1.0,950.0,659.0,960.0,671.0,2026-08-26 19:11:48
3ddba048,generic_debris,65.4,18.9224083,72.8355359,1.54,1.66,0.05,2.56,starboard,36.4,37.74,20.0,high_confidence,1.71,1.0,890.0,663.0,907.0,673.0,2026-08-26 19:11:48
5159d835,container,65.4,18.9224754,72.8356223,1.54,1.46,0.05,2.26,starboard,36.98,38.33,20.0,high_confidence,1.71,1.0,897.0,743.0,912.0,753.0,2026-08-26 19:11:48
0773cec5,generic_debris,65.4,18.9226268,72.8356779,1.7,1.76,0.05,2.98,starboard,28.35,30.08,20.0,high_confidence,1.64,1.0,811.0,844.0,829.0,855.0,2026-08-26 19:11:48
96f69e9d,generic_debris,65.4,18.9226558,72.8358508,1.54,1.56,0.08,2.41,starboard,37.97,39.26,20.0,high_confidence,1.57,3.0,906.0,946.0,922.0,956.0,2026-08-26 19:11:48
731ac61c,generic_debris,65.3,18.9223546,72.8345402,1.54,1.46,0.06,2.26,port,32.23,33.74,20.0,high_confidence,1.65,2.0,159.0,143.0,174.0,153.0,2026-08-26 19:11:48
14a33a86,generic_debris,65.3,18.922435,72.834499,1.7,1.46,0.05,2.49,port,41.66,42.82,20.0,high_confidence,1.64,2.0,66.0,162.0,81.0,173.0,2026-08-26 19:11:48
0220145d,generic_debris,65.3,18.9225704,72.8348462,1.54,1.66,0.07,2.56,port,27.21,28.96,20.0,high_confidence,1.67,2.0,207.0,403.0,224.0,413.0,2026-08-26 19:11:48
94caa860,generic_debris,65.3,18.9219182,72.8350768,1.54,1.37,0.05,2.11,starboard,41.9,43.07,20.0,high_confidence,1.8,2.0,946.0,187.0,960.0,197.0,2026-08-26 19:11:48
477cbd9b,generic_debris,65.3,18.9222098,72.8352372,1.54,1.56,0.05,2.41,starboard,30.22,31.84,20.0,high_confidence,1.64,1.0,830.0,409.0,846.0,419.0,2026-08-26 19:11:48
662c0d02,generic_debris,65.3,18.9223181,72.8354496,1.54,1.76,0.05,2.71,starboard,37.34,38.67,20.0,high_confidence,1.6,1.0,899.0,570.0,917.0,580.0,2026-08-26 19:11:48
3b6dfa9d,generic_debris,65.3,18.9224362,72.8356029,1.54,1.95,0.05,3.01,starboard,38.85,40.14,20.0,high_confidence,1.53,2.0,913.0,713.0,933.0,723.0,2026-08-26 19:11:48
7baa4157,generic_debris,65.3,18.9225108,72.8355712,1.7,1.46,0.05,2.49,starboard,30.47,32.08,20.0,high_confidence,1.61,1.0,833.0,732.0,848.0,743.0,2026-08-26 19:11:48
ac7dc708,generic_debris,65.3,18.922244,72.8354249,1.7,1.66,0.05,2.82,starboard,41.43,42.63,20.0,high_confidence,1.75,1.0,940.0,517.0,957.0,528.0,2026-08-26 19:11:48
27336e0a,generic_debris,65.3,18.9222969,72.8353729,1.54,1.56,0.06,2.41,starboard,33.4,34.86,20.0,high_confidence,1.63,2.0,861.0,519.0,877.0,529.0,2026-08-26 19:11:48
ba25cebf,pipe_cylinder,65.3,18.9223029,72.8354416,1.54,1.76,0.05,2.71,starboard,37.97,39.26,20.0,high_confidence,1.64,1.0,905.0,558.0,923.0,568.0,2026-08-26 19:11:48
9351b0c5,container,65.3,18.9225325,72.8357061,1.54,1.76,0.08,2.71,starboard,38.14,39.45,20.0,high_confidence,1.7,3.0,907.0,812.0,925.0,822.0,2026-08-26 19:11:48
f8c7cfb4,generic_debris,65.2,18.9225073,72.8347774,1.54,1.66,0.05,2.56,port,27.19,28.96,20.0,high_confidence,1.61,1.0,207.0,334.0,224.0,344.0,2026-08-26 19:11:48
d20dfc7f,pipe_cylinder,65.2,18.9226459,72.8346909,1.54,1.56,0.05,2.41,port,44.62,45.7,20.0,high_confidence,1.62,1.0,36.0,361.0,52.0,371.0,2026-08-26 19:11:48
00405715,generic_debris,65.2,18.9220239,72.8350366,1.7,2.05,0.06,3.48,starboard,30.5,32.08,20.0,high_confidence,1.62,2.0,830.0,221.0,851.0,232.0,2026-08-26 19:11:48
8c1a5bfd,generic_debris,65.2,18.92211,72.835316,1.7,1.46,0.05,2.49,starboard,43.94,45.07,20.0,high_confidence,1.55,1.0,966.0,397.0,981.0,408.0,2026-08-26 19:11:48
3a167186,generic_debris,65.2,18.9232195,72.8352819,1.54,0.68,0.05,1.06,port,48.63,49.66,20.0,high_confidence,1.5,1.0,0.0,924.0,7.0,934.0,2026-08-26 19:11:48
69f5d8b1,container,65.2,18.9223224,72.8353838,1.54,1.37,0.06,2.11,starboard,32.18,33.69,20.0,high_confidence,1.55,2.0,850.0,539.0,864.0,549.0,2026-08-26 19:11:48
74a0187c,generic_debris,65.2,18.9222981,72.8354368,1.7,1.46,0.05,2.49,starboard,38.0,39.31,20.0,high_confidence,1.55,1.0,907.0,554.0,922.0,565.0,2026-08-26 19:11:48
a7d943f0,generic_debris,65.2,18.9224586,72.8356044,1.85,1.46,0.05,2.71,starboard,37.1,38.43,20.0,high_confidence,1.79,2.0,898.0,723.0,913.0,735.0,2026-08-26 19:11:48
9367e16e,generic_debris,65.2,18.9225735,72.8355818,1.54,1.46,0.05,2.26,starboard,26.01,27.88,20.0,high_confidence,1.68,1.0,790.0,770.0,805.0,780.0,2026-08-26 19:11:48
41e0031a,generic_debris,65.2,18.9222564,72.8354984,1.54,1.86,0.05,2.86,starboard,45.84,46.92,20.0,high_confidence,1.54,2.0,983.0,563.0,1002.0,573.0,2026-08-26 19:11:48
4ee21981,generic_debris,65.2,18.9225918,72.835841,1.54,1.66,0.05,2.56,starboard,42.63,43.8,20.0,high_confidence,1.63,1.0,952.0,912.0,969.0,922.0,2026-08-26 19:11:48
9703cffc,generic_debris,65.1,18.9225037,72.8345169,1.54,1.46,0.05,2.26,port,45.84,46.92,20.0,high_confidence,1.6,2.0,24.0,204.0,39.0,214.0,2026-08-26 19:11:48
07a56ddb,generic_debris,65.1,18.9224842,72.8348419,1.54,4.88,0.45,7.54,port,20.64,22.95,20.0,high_confidence,1.8,10.0,252.0,354.0,302.0,364.0,2026-08-26 19:11:48
9c0c56c9,generic_debris,65.1,18.9226738,72.834701,1.85,1.37,0.05,2.53,port,46.11,47.17,20.0,high_confidence,1.62,1.0,22.0,379.0,36.0,391.0,2026-08-26 19:11:48
a38c99f5,generic_debris,65.1,18.9226149,72.8348635,1.7,1.66,0.05,2.82,port,29.45,31.1,20.0,high_confidence,1.65,1.0,185.0,433.0,202.0,444.0,2026-08-26 19:11:48
1d2acec9,generic_debris,65.1,18.9217741,72.8350101,1.54,1.17,0.05,1.81,starboard,48.4,49.41,20.0,high_confidence,1.52,1.0,1012.0,76.0,1024.0,86.0,2026-08-26 19:11:48
5e54fc5f,generic_debris,65.1,18.9223142,72.8354481,1.54,1.37,0.05,2.11,starboard,37.54,38.87,20.0,high_confidence,1.62,1.0,903.0,567.0,917.0,577.0,2026-08-26 19:11:48
15ed9b53,generic_debris,65.1,18.9224474,72.8354343,1.54,1.76,0.07,2.71,starboard,25.89,27.73,20.0,high_confidence,1.54,2.0,787.0,628.0,805.0,638.0,2026-08-26 19:11:48
3ebb2d54,generic_debris,65.1,18.9223647,72.8355812,1.7,1.37,0.05,2.32,starboard,43.2,44.34,20.0,high_confidence,1.64,2.0,959.0,665.0,973.0,676.0,2026-08-26 19:11:48
6e440ce1,generic_debris,65.1,18.922696,72.8357558,1.7,1.66,0.05,2.82,starboard,28.0,29.74,20.0,high_confidence,1.63,1.0,808.0,918.0,825.0,929.0,2026-08-26 19:11:48
d7f09b63,generic_debris,65.0,18.9222669,72.8343807,1.54,1.56,0.05,2.41,port,37.24,38.57,20.0,high_confidence,1.62,2.0,109.0,28.0,125.0,38.0,2026-08-26 19:11:48
7378370e,generic_debris,65.0,18.9226022,72.8346796,1.7,1.27,0.05,2.16,port,41.93,43.12,20.0,high_confidence,1.69,1.0,64.0,333.0,77.0,344.0,2026-08-26 19:11:48
774bb16f,ghost_net,65.0,18.9218663,72.8350056,2.01,1.86,0.05,3.72,starboard,40.81,42.04,20.0,high_confidence,1.63,2.0,933.0,121.0,952.0,134.0,2026-08-26 19:11:48
98d08d6c,generic_debris,65.0,18.92212,72.835192,1.54,1.46,0.05,2.26,starboard,34.08,35.5,20.0,high_confidence,1.58,1.0,868.0,346.0,883.0,356.0,2026-08-26 19:11:48
2733899c,generic_debris,65.0,18.9220462,72.8352731,1.7,1.37,0.05,2.32,starboard,45.91,46.97,20.0,high_confidence,1.56,1.0,986.0,349.0,1000.0,360.0,2026-08-26 19:11:48
9cae0be9,generic_debris,65.0,18.9222961,72.8354796,1.7,1.37,0.05,2.32,starboard,41.29,42.48,20.0,high_confidence,1.69,1.0,940.0,574.0,954.0,585.0,2026-08-26 19:11:48
4448935e,generic_debris,64.9,18.9223046,72.834392,1.54,1.66,0.05,2.56,port,39.32,40.58,20.0,high_confidence,1.6,1.0,88.0,53.0,105.0,63.0,2026-08-26 19:11:48
00dbe1e5,ghost_net,64.9,18.922171,72.8354043,1.85,1.66,0.05,3.07,starboard,45.63,46.73,20.0,high_confidence,1.61,2.0,982.0,471.0,999.0,483.0,2026-08-26 19:11:48
cde61668,ghost_net,64.9,18.9226188,72.8358422,1.85,2.05,0.05,3.8,starboard,40.45,41.65,20.0,high_confidence,1.84,1.0,928.0,925.0,949.0,937.0,2026-08-26 19:11:48
bd4cc4e5,generic_debris,64.9,18.9223954,72.8354591,1.54,1.56,0.05,2.41,starboard,31.88,33.4,20.0,high_confidence,1.57,1.0,846.0,614.0,862.0,624.0,2026-08-26 19:11:48
a5f8e986,generic_debris,64.8,18.9224733,72.8345817,1.54,1.56,0.05,2.41,port,38.68,39.94,20.0,high_confidence,1.53,1.0,95.0,221.0,111.0,231.0,2026-08-26 19:11:48
87827c2c,generic_debris,64.8,18.9225347,72.834714,1.54,1.37,0.05,2.11,port,34.01,35.45,20.0,high_confidence,1.63,1.0,142.0,319.0,156.0,329.0,2026-08-26 19:11:48
8a7cbe31,generic_debris,64.8,18.9221999,72.8352851,1.7,1.17,0.05,1.99,starboard,34.54,35.94,20.0,high_confidence,1.6,1.0,874.0,428.0,886.0,439.0,2026-08-26 19:11:48
d859ad88,generic_debris,64.8,18.9221976,72.8352768,1.7,1.37,0.05,2.32,starboard,34.12,35.55,20.0,high_confidence,1.61,1.0,869.0,422.0,883.0,433.0,2026-08-26 19:11:48
87478c1b,generic_debris,64.8,18.922342,72.8353219,1.54,1.56,0.07,2.41,starboard,26.06,27.93,20.0,high_confidence,1.57,2.0,790.0,517.0,806.0,527.0,2026-08-26 19:11:48
c0ebd858,generic_debris,64.8,18.9223533,72.8355263,1.54,1.66,0.05,2.56,starboard,40.14,41.36,20.0,high_confidence,1.64,1.0,927.0,627.0,944.0,637.0,2026-08-26 19:11:48
35ed9593,ghost_net,64.8,18.9223083,72.8355002,2.01,1.46,0.05,2.94,starboard,41.83,43.02,20.0,high_confidence,1.67,1.0,945.0,587.0,960.0,600.0,2026-08-26 19:11:48
16cc4f57,ghost_net,64.7,18.922643,72.8347528,1.85,1.56,0.05,2.89,port,39.86,41.11,20.0,high_confidence,1.75,1.0,83.0,392.0,99.0,404.0,2026-08-26 19:11:48
938b3568,generic_debris,64.7,18.9226509,72.8347645,1.7,1.46,0.05,2.49,port,39.62,40.87,20.0,high_confidence,1.59,1.0,86.0,404.0,101.0,415.0,2026-08-26 19:11:48
e01f2a24,generic_debris,64.7,18.9221374,72.8353207,1.85,0.88,0.05,1.63,starboard,42.13,43.31,20.0,high_confidence,1.54,1.0,951.0,412.0,960.0,424.0,2026-08-26 19:11:48
63065c0c,ghost_net,64.7,18.9222525,72.8353584,2.01,1.46,0.05,2.94,starboard,35.8,37.16,20.0,high_confidence,1.89,2.0,885.0,486.0,900.0,499.0,2026-08-26 19:11:48
b6df307b,generic_debris,64.7,18.9226098,72.8357704,1.54,1.86,0.05,2.86,starboard,36.21,37.55,20.0,high_confidence,1.6,1.0,887.0,884.0,906.0,894.0,2026-08-26 19:11:48
a6b2c920,generic_debris,64.7,18.9226234,72.8358005,1.7,1.76,0.05,2.98,starboard,37.17,38.48,20.0,high_confidence,1.69,2.0,897.0,906.0,915.0,917.0,2026-08-26 19:11:48
f8eca00c,generic_debris,64.7,18.9223564,72.8354651,1.7,1.56,0.05,2.65,starboard,35.42,36.82,20.0,high_confidence,1.7,1.0,881.0,595.0,897.0,606.0,2026-08-26 19:11:48
6bf13e6f,pipe_cylinder,64.7,18.9227513,72.835421,1.39,3.22,9.98,4.48,starboard,0.0,2.0,20.0,high_confidence,2.18,15.0,516.0,774.0,549.0,783.0,2026-08-26 19:11:48
53cbb8c3,generic_debris,64.7,18.9226417,72.8357434,1.54,1.76,0.05,2.71,starboard,31.67,33.2,20.0,high_confidence,1.52,1.0,843.0,885.0,861.0,895.0,2026-08-26 19:11:48
7ecc293f,generic_debris,64.7,18.9225572,72.8356355,1.7,1.76,0.05,2.98,starboard,31.13,32.71,20.0,high_confidence,1.76,1.0,838.0,788.0,856.0,799.0,2026-08-26 19:11:48
4042d797,generic_debris,64.7,18.9225157,72.8355022,1.54,1.66,0.05,2.56,starboard,25.2,27.1,20.0,high_confidence,1.61,1.0,781.0,700.0,798.0,710.0,2026-08-26 19:11:48
24876152,generic_debris,64.6,18.9222553,72.8343858,1.54,1.66,0.08,2.56,port,35.97,37.35,20.0,high_confidence,1.57,3.0,121.0,24.0,138.0,34.0,2026-08-26 19:11:48
7f72ebdc,generic_debris,64.6,18.9222065,72.8352918,1.54,1.37,0.05,2.11,starboard,34.51,35.94,20.0,high_confidence,1.61,1.0,873.0,434.0,887.0,444.0,2026-08-26 19:11:48
541997df,generic_debris,64.6,18.9222088,72.8353664,1.85,1.46,0.05,2.71,starboard,39.83,41.06,20.0,high_confidence,1.64,1.0,925.0,472.0,940.0,484.0,2026-08-26 19:11:48
464abcaa,generic_debris,64.6,18.9222411,72.8353387,1.54,1.37,0.05,2.11,starboard,35.23,36.62,20.0,high_confidence,1.73,1.0,880.0,475.0,894.0,485.0,2026-08-26 19:11:48
3409d403,generic_debris,64.6,18.9223152,72.835376,1.7,1.56,0.09,2.65,starboard,32.18,33.69,20.0,high_confidence,1.67,3.0,849.0,531.0,865.0,542.0,2026-08-26 19:11:48
c2c1b5ce,generic_debris,64.6,18.9226146,72.8357364,1.54,1.86,0.09,2.86,starboard,33.45,34.91,20.0,high_confidence,1.5,3.0,860.0,870.0,879.0,880.0,2026-08-26 19:11:48
3f5e1b2b,generic_debris,64.6,18.9223665,72.8355665,1.54,1.56,0.05,2.41,starboard,42.0,43.16,20.0,high_confidence,1.56,1.0,946.0,656.0,962.0,666.0,2026-08-26 19:11:48
7238b4cb,generic_debris,64.6,18.922646,72.8357484,1.54,1.76,0.06,2.71,starboard,31.66,33.2,20.0,high_confidence,1.54,2.0,843.0,890.0,861.0,900.0,2026-08-26 19:11:48
09a445f1,ghost_net,64.5,18.9226374,72.8346285,2.16,0.98,0.05,2.11,port,48.47,49.51,20.0,high_confidence,1.63,1.0,0.0,325.0,10.0,339.0,2026-08-26 19:11:48
79ec9488,generic_debris,64.5,18.9224518,72.8348222,1.7,4.59,0.34,7.79,port,19.47,21.92,20.0,high_confidence,1.91,7.0,264.0,329.0,311.0,340.0,2026-08-26 19:11:48
cd3dca73,generic_debris,64.5,18.9222812,72.8353376,1.54,1.76,0.06,2.71,starboard,31.99,33.5,20.0,high_confidence,1.62,2.0,846.0,491.0,864.0,501.0,2026-08-26 19:11:48
942b1292,pipe_cylinder,64.5,18.9222413,72.8354265,1.54,1.46,0.05,2.26,starboard,41.75,42.92,20.0,high_confidence,1.75,1.0,944.0,516.0,959.0,526.0,2026-08-26 19:11:48
fecd1738,generic_debris,64.5,18.922678,72.8358202,1.54,1.56,0.06,2.41,starboard,33.99,35.45,20.0,high_confidence,1.79,2.0,867.0,941.0,883.0,951.0,2026-08-26 19:11:48
f3cc14c5,pipe_cylinder,64.4,18.922256,72.8353134,1.54,1.76,0.05,2.71,starboard,32.18,33.69,20.0,high_confidence,1.55,1.0,848.0,471.0,866.0,481.0,2026-08-26 19:11:48
adcb0b57,ghost_net,64.4,18.9223272,72.8353885,1.85,1.66,0.06,3.07,starboard,32.15,33.64,20.0,high_confidence,1.51,2.0,848.0,542.0,865.0,554.0,2026-08-26 19:11:48
016ced95,generic_debris,64.4,18.9223269,72.8355149,1.54,1.86,0.05,2.86,starboard,41.42,42.63,20.0,high_confidence,1.57,2.0,939.0,605.0,958.0,615.0,2026-08-26 19:11:48
c353e381,generic_debris,64.4,18.9226054,72.8356005,1.54,1.76,0.12,2.71,starboard,24.69,26.66,20.0,high_confidence,1.57,3.0,776.0,793.0,794.0,803.0,2026-08-26 19:11:48
7538f89f,generic_debris,64.3,18.9223887,72.8344772,1.7,1.37,0.07,2.32,port,39.57,40.82,20.0,high_confidence,1.51,3.0,87.0,132.0,101.0,143.0,2026-08-26 19:11:48
4acffb33,generic_debris,64.3,18.9221929,72.8352371,1.54,1.37,0.06,2.11,starboard,31.55,33.11,20.0,high_confidence,1.51,2.0,844.0,400.0,858.0,410.0,2026-08-26 19:11:48
870b4736,generic_debris,64.3,18.9224711,72.8357829,1.85,0.78,0.5,1.45,starboard,48.61,49.61,20.0,high_confidence,1.6,0.0,1016.0,822.0,1024.0,834.0,2026-08-26 19:11:48
e86a07dd,generic_debris,64.3,18.9223267,72.8353442,1.85,1.56,0.1,2.89,starboard,28.92,30.57,20.0,high_confidence,1.53,3.0,817.0,519.0,833.0,531.0,2026-08-26 19:11:48
2c4fe612,ghost_net,64.2,18.9227786,72.8347941,2.16,1.66,0.05,3.59,port,47.54,48.58,20.0,high_confidence,1.65,2.0,6.0,484.0,23.0,498.0,2026-08-26 19:11:48
8ba7a904,generic_debris,64.2,18.9219659,72.8351317,1.54,1.07,0.05,1.66,starboard,42.06,43.21,20.0,high_confidence,1.58,1.0,949.0,240.0,960.0,250.0,2026-08-26 19:11:48
343bc5ed,generic_debris,64.2,18.9223061,72.8353208,1.7,1.46,0.05,2.49,starboard,28.8,30.52,20.0,high_confidence,1.61,1.0,817.0,496.0,832.0,507.0,2026-08-26 19:11:48
8b90dc24,generic_debris,64.2,18.9225152,72.8357968,2.01,1.66,0.05,3.33,starboard,45.94,47.02,20.0,high_confidence,1.52,1.0,985.0,851.0,1002.0,864.0,2026-08-26 19:11:48
e730ad3e,generic_debris,64.1,18.9221278,72.8353359,1.54,1.37,0.05,2.11,starboard,44.01,45.12,20.0,high_confidence,1.53,1.0,967.0,415.0,981.0,425.0,2026-08-26 19:11:48
0bc81f35,ghost_net,64.1,18.9223016,72.8354384,2.31,1.56,0.05,3.62,starboard,37.84,39.16,20.0,high_confidence,1.55,1.0,905.0,554.0,921.0,569.0,2026-08-26 19:11:48
c1b8dd52,generic_debris,64.1,18.9227238,72.835887,1.54,1.56,0.14,2.41,starboard,34.83,36.23,20.0,high_confidence,1.52,5.0,875.0,1000.0,891.0,1010.0,2026-08-26 19:11:48
4f4c82b0,generic_debris,64.0,18.9227143,72.8347738,2.01,1.27,0.05,2.55,port,43.94,45.07,20.0,high_confidence,1.62,1.0,44.0,439.0,57.0,452.0,2026-08-26 19:11:48
c1b152ba,generic_debris,64.0,18.9223153,72.8355078,1.7,1.27,0.05,2.16,starboard,41.83,43.02,20.0,high_confidence,1.53,1.0,946.0,595.0,959.0,606.0,2026-08-26 19:11:48
5fc0fde2,generic_debris,63.8,18.9227171,72.8358311,1.54,1.46,0.05,2.26,starboard,31.5,33.06,20.0,high_confidence,1.5,1.0,843.0,966.0,858.0,976.0,2026-08-26 19:11:48
41bd032e,generic_debris,63.7,18.9225325,72.834533,1.7,1.37,0.28,2.32,port,46.98,48.05,20.0,high_confidence,2.78,14.0,13.0,226.0,27.0,237.0,2026-08-26 19:11:48
6db43cc2,generic_debris,63.7,18.9223206,72.8355107,1.7,1.46,0.05,2.49,starboard,41.62,42.82,20.0,high_confidence,1.6,2.0,943.0,600.0,958.0,611.0,2026-08-26 19:11:48
4db927b3,pipe_cylinder,63.7,18.9227495,72.8354189,1.54,3.81,10.05,5.88,starboard,0.0,0.44,20.0,high_confidence,2.25,25.0,497.0,771.0,536.0,781.0,2026-08-26 19:11:48
08cca06e,ghost_net,63.7,18.9223811,72.8355886,1.7,1.76,0.05,2.98,starboard,42.37,43.55,20.0,high_confidence,1.55,1.0,949.0,678.0,967.0,689.0,2026-08-26 19:11:48
71d39d34,ghost_net,63.7,18.9223322,72.8353885,2.01,1.76,0.05,3.53,starboard,31.75,33.3,20.0,high_confidence,1.54,1.0,844.0,545.0,862.0,558.0,2026-08-26 19:11:48
fb8ced57,container,63.2,18.9222386,72.8345773,1.54,2.15,0.19,3.32,port,20.32,22.66,20.0,high_confidence,2.21,4.0,269.0,105.0,291.0,115.0,2026-08-26 19:11:48
a34a68d4,generic_debris,63.1,18.9221381,72.8353164,1.85,1.27,0.05,2.35,starboard,41.75,42.92,20.0,high_confidence,1.52,1.0,945.0,411.0,958.0,423.0,2026-08-26 19:11:48
2e776afe,generic_debris,63.1,18.9223444,72.8351954,1.54,2.54,0.17,3.92,starboard,16.48,19.24,20.0,high_confidence,2.12,3.0,696.0,458.0,722.0,468.0,2026-08-26 19:11:48
d86eed76,pipe_cylinder,62.9,18.9227421,72.8354101,1.54,3.91,10.1,6.03,starboard,0.0,3.42,20.0,high_confidence,2.08,13.0,527.0,763.0,567.0,773.0,2026-08-26 19:11:48
ad378c4b,generic_debris,62.8,18.9222997,72.8348006,1.54,2.54,0.72,3.92,port,8.83,13.38,20.0,high_confidence,2.14,7.0,362.0,242.0,388.0,252.0,2026-08-26 19:11:48
bae59fc5,generic_debris,62.8,18.9225056,72.8353632,1.54,2.54,0.18,3.92,starboard,16.05,18.95,20.0,high_confidence,2.0,3.0,693.0,622.0,719.0,632.0,2026-08-26 19:11:48
2b3b3a03,generic_debris,62.2,18.9226699,72.835665,1.7,2.15,0.16,3.65,starboard,23.86,25.88,20.0,high_confidence,2.01,4.0,766.0,858.0,788.0,869.0,2026-08-26 19:11:48
def9d8ce,generic_debris,62.0,18.9223803,72.8343747,1.54,1.76,0.1,2.71,port,46.52,47.56,20.0,high_confidence,2.18,5.0,16.0,80.0,34.0,90.0,2026-08-26 19:11:48
e8c7ffa5,container,61.9,18.9227564,72.835784,1.54,1.95,0.08,3.01,starboard,24.94,26.86,20.0,high_confidence,2.0,2.0,777.0,961.0,797.0,971.0,2026-08-26 19:11:48
2bcbb126,generic_debris,61.7,18.9224024,72.8355285,1.7,1.76,0.05,2.98,starboard,36.34,37.7,20.0,high_confidence,2.06,1.0,889.0,654.0,907.0,665.0,2026-08-26 19:11:48
479bd8ac,generic_debris,61.7,18.9229374,72.8356425,1.7,3.52,9.98,5.97,port,0.0,0.88,20.0,high_confidence,1.69,7.0,485.0,975.0,521.0,986.0,2026-08-26 19:11:48
b7f10e60,generic_debris,61.6,18.9224475,72.8346931,1.54,1.46,0.1,2.26,port,28.53,30.22,20.0,high_confidence,1.89,3.0,195.0,262.0,210.0,272.0,2026-08-26 19:11:48
6946eedc,generic_debris,61.5,18.9225565,72.8352877,1.54,3.22,2.13,4.97,starboard,6.46,11.87,20.0,high_confidence,1.8,18.0,617.0,610.0,650.0,620.0,2026-08-26 19:11:48
a6fbd6cd,generic_debris,61.4,18.9222132,72.8344296,1.54,1.56,0.1,2.41,port,29.4,31.05,20.0,high_confidence,1.83,3.0,186.0,23.0,202.0,33.0,2026-08-26 19:11:48
7b9281b1,generic_debris,61.3,18.92228,72.8353006,1.54,1.66,0.13,2.56,starboard,29.34,31.01,20.0,high_confidence,2.16,4.0,821.0,476.0,838.0,486.0,2026-08-26 19:11:48
65698a96,ghost_net,61.2,18.9222821,72.8345204,1.7,2.15,0.5,3.65,port,27.96,29.69,20.0,high_confidence,2.09,0.0,197.0,99.0,219.0,110.0,2026-08-26 19:11:48
d92125b0,generic_debris,61.1,18.9225347,72.8348562,1.54,2.93,0.12,4.52,port,23.64,25.68,20.0,high_confidence,1.7,3.0,234.0,388.0,264.0,398.0,2026-08-26 19:11:48
18259710,container,61.0,18.9226037,72.8346713,1.54,1.27,0.05,1.96,port,42.65,43.8,20.0,high_confidence,1.7,1.0,57.0,330.0,70.0,340.0,2026-08-26 19:11:48
4a5f23de,pipe_cylinder,61.0,18.9223669,72.8349961,1.39,3.71,0.5,5.15,port,0.0,0.2,20.0,high_confidence,1.55,0.0,491.0,373.0,529.0,382.0,2026-08-26 19:11:48
b65d03f3,generic_debris,61.0,18.9218201,72.8349746,1.7,1.86,0.5,3.15,starboard,42.15,43.31,20.0,high_confidence,1.64,0.0,946.0,84.0,965.0,95.0,2026-08-26 19:11:48
bf15b8ca,generic_debris,60.9,18.9225448,72.8354523,1.54,1.76,0.2,2.71,starboard,19.26,21.68,20.0,high_confidence,1.97,4.0,725.0,688.0,743.0,698.0,2026-08-26 19:11:48
b517fd8f,generic_debris,60.9,18.9224537,72.8353544,1.7,2.54,0.15,4.31,starboard,19.54,21.97,20.0,high_confidence,1.98,3.0,724.0,590.0,750.0,601.0,2026-08-26 19:11:48
cc163fe7,generic_debris,60.9,18.9225265,72.8356904,1.7,1.46,0.5,2.49,starboard,37.53,38.82,20.0,high_confidence,1.86,0.0,902.0,801.0,917.0,812.0,2026-08-26 19:11:48
1b4a1460,generic_debris,60.8,18.9222842,72.8343289,1.7,1.56,0.5,2.65,port,42.49,43.65,20.0,high_confidence,2.02,0.0,57.0,12.0,73.0,23.0,2026-08-26 19:11:48
6bcb86fe,generic_debris,60.8,18.9224164,72.8345507,1.7,1.46,0.05,2.49,port,36.39,37.74,20.0,high_confidence,1.89,1.0,118.0,179.0,133.0,190.0,2026-08-26 19:11:48
dc5a254b,generic_debris,60.8,18.9224458,72.8347014,1.85,1.86,0.17,3.44,port,27.8,29.54,20.0,high_confidence,2.09,5.0,200.0,264.0,219.0,276.0,2026-08-26 19:11:48
672b587a,generic_debris,60.8,18.9225342,72.8347942,1.54,2.05,0.07,3.17,port,28.12,29.83,20.0,high_confidence,1.92,2.0,196.0,355.0,217.0,365.0,2026-08-26 19:11:48
e406f71c,generic_debris,60.8,18.9226267,72.8358321,1.54,1.76,0.05,2.71,starboard,39.09,40.33,20.0,high_confidence,1.84,1.0,916.0,925.0,934.0,935.0,2026-08-26 19:11:48
85f297c2,generic_debris,60.7,18.9222258,72.835233,1.54,1.46,0.05,2.26,starboard,28.65,30.32,20.0,high_confidence,1.79,1.0,815.0,415.0,830.0,425.0,2026-08-26 19:11:48
e6c6a988,generic_debris,60.7,18.9225251,72.8353745,1.54,2.93,0.31,4.52,starboard,15.31,18.26,20.0,high_confidence,1.8,5.0,684.0,637.0,714.0,647.0,2026-08-26 19:11:48
47f12862,container,60.6,18.9224265,72.8347033,1.54,2.05,0.18,3.17,port,26.1,27.98,20.0,high_confidence,1.77,5.0,215.0,256.0,236.0,266.0,2026-08-26 19:11:48
ff098c55,container,60.6,18.9223098,72.8352579,1.54,1.86,0.5,2.86,starboard,23.82,25.83,20.0,high_confidence,1.63,0.0,767.0,471.0,786.0,481.0,2026-08-26 19:11:48
fed65e7f,generic_debris,60.6,18.9224564,72.8354225,1.7,1.76,0.05,2.98,starboard,24.31,26.27,20.0,high_confidence,2.09,1.0,772.0,627.0,790.0,638.0,2026-08-26 19:11:48
9201665c,generic_debris,60.6,18.9226726,72.8353855,1.54,3.03,1.26,4.67,starboard,4.02,10.69,20.0,high_confidence,1.74,6.0,606.0,717.0,637.0,727.0,2026-08-26 19:11:48
3f4dbc80,generic_debris,60.6,18.9226134,72.8356638,1.7,1.95,0.14,3.32,starboard,28.46,30.18,20.0,high_confidence,1.98,4.0,811.0,830.0,831.0,841.0,2026-08-26 19:11:48
54a54780,generic_debris,60.6,18.9226841,72.8356722,1.54,2.05,0.17,3.17,starboard,23.18,25.24,20.0,high_confidence,1.97,4.0,760.0,870.0,781.0,880.0,2026-08-26 19:11:48
9cb1e875,pipe_cylinder,60.6,18.9222701,72.8355362,1.39,1.76,0.05,2.44,starboard,47.51,48.54,20.0,high_confidence,1.65,1.0,1000.0,588.0,1018.0,597.0,2026-08-26 19:11:48
9c1a87f3,generic_debris,60.6,18.9225867,72.8357208,1.85,1.46,0.05,2.71,starboard,34.66,36.08,20.0,high_confidence,2.16,1.0,874.0,846.0,889.0,858.0,2026-08-26 19:11:48
1bf580b9,generic_debris,60.5,18.9221008,72.8351809,1.54,1.76,0.06,2.71,starboard,34.82,36.23,20.0,high_confidence,2.06,2.0,874.0,331.0,892.0,341.0,2026-08-26 19:11:48
9167cb00,generic_debris,60.5,18.9220914,72.8351896,1.54,1.66,0.5,2.56,starboard,36.2,37.55,20.0,high_confidence,2.06,0.0,888.0,330.0,905.0,340.0,2026-08-26 19:11:48
46b88e52,generic_debris,60.5,18.9222067,72.8351577,1.7,2.34,0.27,3.98,starboard,24.62,26.56,20.0,high_confidence,1.76,7.0,772.0,371.0,796.0,382.0,2026-08-26 19:11:48
208db04a,container,60.5,18.9226206,72.8357217,1.54,1.66,0.05,2.56,starboard,31.92,33.45,20.0,high_confidence,1.89,1.0,846.0,863.0,863.0,873.0,2026-08-26 19:11:48
dfd43110,generic_debris,60.5,18.9227571,72.8355669,1.54,3.52,0.74,5.43,starboard,9.76,13.96,20.0,high_confidence,1.6,8.0,637.0,850.0,673.0,860.0,2026-08-26 19:11:48
673a319e,generic_debris,60.5,18.922416,72.8355398,1.54,1.56,0.05,2.41,starboard,36.04,37.4,20.0,high_confidence,2.17,1.0,887.0,669.0,903.0,679.0,2026-08-26 19:11:48
547da376,generic_debris,60.4,18.9223178,72.834538,1.54,2.25,0.05,3.47,port,29.46,31.1,20.0,high_confidence,1.74,1.0,182.0,126.0,205.0,136.0,2026-08-26 19:11:48
03bb1ed4,generic_debris,60.4,18.9223499,72.8346649,1.54,1.86,0.09,2.86,port,22.73,24.85,20.0,high_confidence,1.87,2.0,248.0,201.0,267.0,211.0,2026-08-26 19:11:48
edd8a0ac,generic_debris,60.4,18.922475,72.8346382,1.7,2.15,0.05,3.65,port,34.74,36.13,20.0,high_confidence,1.83,1.0,131.0,248.0,153.0,259.0,2026-08-26 19:11:48
7a407493,ghost_net,60.4,18.9219994,72.8352145,1.7,2.05,0.05,3.48,starboard,45.37,46.44,20.0,high_confidence,1.86,1.0,977.0,296.0,998.0,307.0,2026-08-26 19:11:48
1b4e9d67,pipe_cylinder,60.4,18.9231786,72.8353223,2.01,1.17,0.05,2.35,port,42.41,43.55,20.0,high_confidence,1.55,1.0,60.0,924.0,72.0,937.0,2026-08-26 19:11:48
abcd443b,container,60.4,18.9224195,72.835346,1.54,2.05,0.05,3.17,starboard,21.65,23.88,20.0,high_confidence,1.88,1.0,746.0,570.0,767.0,580.0,2026-08-26 19:11:48
bb918bd7,generic_debris,60.4,18.922613,72.8357274,1.54,1.66,0.05,2.56,starboard,32.95,34.42,20.0,high_confidence,1.96,1.0,856.0,862.0,873.0,872.0,2026-08-26 19:11:48
89e4f2a0,pipe_cylinder,60.4,18.9225304,72.8357537,1.54,1.86,0.5,2.86,starboard,41.66,42.82,20.0,high_confidence,1.78,0.0,941.0,835.0,960.0,845.0,2026-08-26 19:11:48
462ff153,container,60.4,18.9227721,72.835838,1.54,1.66,0.05,2.56,starboard,27.39,29.15,20.0,high_confidence,1.91,1.0,802.0,998.0,819.0,1008.0,2026-08-26 19:11:48
f70f4942,generic_debris,60.3,18.9218365,72.8348694,1.7,1.76,0.06,2.98,starboard,32.97,34.47,20.0,high_confidence,1.87,2.0,856.0,38.0,874.0,49.0,2026-08-26 19:11:48
e12df2b0,generic_debris,60.3,18.9217935,72.8349159,1.7,1.66,0.05,2.82,starboard,39.81,41.06,20.0,high_confidence,1.82,1.0,924.0,38.0,941.0,49.0,2026-08-26 19:11:48
34b9b7d0,generic_debris,60.3,18.9220743,72.8351034,1.54,1.95,0.09,3.01,starboard,31.26,32.81,20.0,high_confidence,1.7,3.0,838.0,280.0,858.0,290.0,2026-08-26 19:11:48
d2e90e4e,generic_debris,60.3,18.9226747,72.8359365,1.54,1.86,0.05,2.86,starboard,42.35,43.51,20.0,high_confidence,1.82,2.0,948.0,1002.0,967.0,1012.0,2026-08-26 19:11:48
11a8721c,generic_debris,60.2,18.9224135,72.8343852,1.7,1.27,0.05,2.16,port,48.36,49.37,20.0,high_confidence,1.75,1.0,0.0,102.0,13.0,113.0,2026-08-26 19:11:48
71672163,generic_debris,60.2,18.9226549,72.8349433,1.7,1.76,0.05,2.98,port,26.7,28.52,20.0,high_confidence,1.76,1.0,211.0,495.0,229.0,506.0,2026-08-26 19:11:48
cd81be25,generic_debris,60.2,18.9220522,72.8351213,1.7,1.46,0.5,2.49,starboard,34.35,35.79,20.0,high_confidence,1.79,0.0,871.0,278.0,886.0,289.0,2026-08-26 19:11:48
620e4e8e,generic_debris,60.2,18.9222272,72.8354056,1.85,1.27,0.05,2.35,starboard,41.31,42.53,20.0,high_confidence,2.02,2.0,941.0,495.0,954.0,507.0,2026-08-26 19:11:48
6e5013fa,container,60.2,18.9224009,72.8353394,1.54,2.05,0.17,3.17,starboard,22.66,24.76,20.0,high_confidence,1.69,4.0,755.0,557.0,776.0,567.0,2026-08-26 19:11:48
2dc73e16,generic_debris,60.2,18.9225283,72.8357556,1.7,1.27,0.5,2.16,starboard,41.96,43.12,20.0,high_confidence,1.77,0.0,947.0,835.0,960.0,846.0,2026-08-26 19:11:48
592efd28,generic_debris,60.2,18.922318,72.8351994,1.08,2.05,0.15,2.22,starboard,18.86,21.34,20.0,high_confidence,1.82,3.0,720.0,448.0,741.0,455.0,2026-08-26 19:11:48
c4731775,generic_debris,60.2,18.9225525,72.8358225,1.54,1.76,0.05,2.71,starboard,44.61,45.7,20.0,high_confidence,1.69,1.0,971.0,883.0,989.0,893.0,2026-08-26 19:11:48
b0037dbd,container,60.2,18.9226699,72.8357494,1.54,1.76,0.05,2.71,starboard,29.74,31.35,20.0,high_confidence,1.86,1.0,824.0,902.0,842.0,912.0,2026-08-26 19:11:48
cfb6051f,generic_debris,60.2,18.9225853,72.8359009,1.54,1.46,0.5,2.26,starboard,47.33,48.39,20.0,high_confidence,1.95,0.0,1000.0,938.0,1015.0,948.0,2026-08-26 19:11:48
faa2c28e,generic_debris,60.2,18.9226499,72.8357313,1.54,2.15,0.05,3.32,starboard,30.14,31.74,20.0,high_confidence,2.08,1.0,826.0,883.0,848.0,893.0,2026-08-26 19:11:48
6a1e0709,generic_debris,60.1,18.9221586,72.8344765,1.54,1.86,0.05,2.86,port,21.62,23.78,20.0,high_confidence,1.86,1.0,259.0,17.0,278.0,27.0,2026-08-26 19:11:48
0709999d,container,60.1,18.9224397,72.8344493,1.54,1.66,0.5,2.56,port,45.67,46.73,20.0,high_confidence,1.56,0.0,25.0,141.0,42.0,151.0,2026-08-26 19:11:48
c7a5d60a,generic_debris,60.1,18.9225103,72.8347119,1.54,1.46,0.5,2.26,port,32.23,33.74,20.0,high_confidence,1.88,0.0,159.0,305.0,174.0,315.0,2026-08-26 19:11:48
1933bd2d,generic_debris,60.1,18.9231033,72.8352316,1.7,1.46,0.05,2.49,port,42.45,43.6,20.0,high_confidence,1.74,1.0,58.0,845.0,73.0,856.0,2026-08-26 19:11:48
5902cc28,generic_debris,60.1,18.9222742,72.8352946,1.7,1.66,0.05,2.82,starboard,29.35,31.01,20.0,high_confidence,2.17,1.0,821.0,471.0,838.0,482.0,2026-08-26 19:11:48
14236fa7,generic_debris,60.1,18.922362,72.8355109,1.54,1.46,0.05,2.26,starboard,38.32,39.6,20.0,high_confidence,1.74,1.0,910.0,623.0,925.0,633.0,2026-08-26 19:11:48
35b43296,generic_debris,60.1,18.922477,72.8355539,1.54,1.86,0.5,2.86,starboard,32.04,33.54,20.0,high_confidence,1.85,0.0,846.0,708.0,865.0,718.0,2026-08-26 19:11:48
55b585bd,generic_debris,60.1,18.9226992,72.8359305,1.54,1.95,0.05,3.01,starboard,39.89,41.11,20.0,high_confidence,2.0,2.0,923.0,1010.0,943.0,1020.0,2026-08-26 19:11:48
7dc75c87,generic_debris,60.1,18.9226298,72.8359195,1.7,1.66,0.5,2.82,starboard,44.92,46.04,20.0,high_confidence,1.9,0.0,975.0,969.0,992.0,980.0,2026-08-26 19:11:48
11be6452,container,60.0,18.9219853,72.8350874,1.54,1.66,0.05,2.56,starboard,37.29,38.62,20.0,high_confidence,1.75,2.0,899.0,228.0,916.0,238.0,2026-08-26 19:11:48
ccd3fca3,generic_debris,60.0,18.921811,72.8350275,1.54,1.56,0.05,2.41,starboard,46.79,47.85,20.0,high_confidence,1.72,2.0,994.0,103.0,1010.0,113.0,2026-08-26 19:11:48
7100f35e,generic_debris,60.0,18.9220504,72.8351651,1.7,1.56,0.5,2.65,starboard,37.67,38.96,20.0,high_confidence,1.77,0.0,903.0,297.0,919.0,308.0,2026-08-26 19:11:48
590f77ad,generic_debris,60.0,18.9222291,72.8353597,1.7,1.46,0.5,2.49,starboard,37.72,39.01,20.0,high_confidence,1.82,0.0,904.0,478.0,919.0,489.0,2026-08-26 19:11:48
a1c4aeea,pipe_cylinder,60.0,18.9231495,72.8353077,1.54,1.56,0.5,2.41,port,40.99,42.19,20.0,high_confidence,1.56,0.0,72.0,905.0,88.0,915.0,2026-08-26 19:11:48
4781d5c4,pipe_cylinder,60.0,18.9224412,72.8355265,1.54,2.44,0.12,3.77,starboard,33.04,34.52,20.0,high_confidence,1.82,4.0,853.0,676.0,878.0,686.0,2026-08-26 19:11:48
88c47802,generic_debris,60.0,18.922384,72.8355241,1.54,1.86,0.5,2.86,starboard,37.53,38.82,20.0,high_confidence,1.68,0.0,900.0,641.0,919.0,651.0,2026-08-26 19:11:48
3c8ec98d,generic_debris,60.0,18.9226677,72.8356756,1.85,1.86,0.08,3.44,starboard,24.78,26.71,20.0,high_confidence,2.01,2.0,776.0,861.0,795.0,873.0,2026-08-26 19:11:48
1afbb7ff,generic_debris,60.0,18.9226587,72.8358579,1.08,1.66,0.05,1.79,starboard,38.22,39.5,20.0,high_confidence,1.8,2.0,908.0,953.0,925.0,960.0,2026-08-26 19:11:48
56e7b7c3,generic_debris,60.0,18.9221959,72.8354658,1.54,1.46,0.5,2.26,starboard,48.25,49.27,20.0,high_confidence,1.54,0.0,1009.0,513.0,1024.0,523.0,2026-08-26 19:11:48
f14c1f4d,generic_debris,60.0,18.9226542,72.835675,1.7,2.15,0.07,3.65,starboard,25.87,27.73,20.0,high_confidence,1.99,2.0,785.0,856.0,807.0,867.0,2026-08-26 19:11:48
